Name,SMILES,MW
AAEVYOVXGOFMJO-UHFFFAOYSA-N,S(C)c1nc(NC(C)C)nc(NC(C)C)n1,241.3536
ABICJYZKIYUWEE-UHFFFAOYSA-N,O=[N+]([O-])C1C(=O)NC(=O)NC1=O,173.0848
ADIMAYPTOBDMTL-UHFFFAOYSA-N,Clc1cc2C(=NC(O)C(=O)Nc2cc1)c1ccccc1,286.7171
AEXMKKGTQYQZCS-UHFFFAOYSA-N,C(CC)(CC)(C)C,100.2034
AFFLGGQVNFXPEV-UHFFFAOYSA-N,C(=C)CCCCCCCC,140.268
AFOGBLYPWJJVAL-UHFFFAOYSA-N,S(=O)(=O)(NC(=O)NCCCC)c1ccccc1,256.319
AFPHTEQTJZKQAQ-UHFFFAOYSA-N,O=[N+]([O-])c1cc(C(=O)O)ccc1,167.1208
AFYCEAFSNDLKSX-UHFFFAOYSA-N,O=c1oc2c(c(C)c1)ccc(N(CC)CC)c2,231.2938
AGAHNABIDCTLHW-UHFFFAOYSA-N,Fc1ccc(C(=O)CCCN2CCC(O)(c3ccc(C)cc3)CC2)cc1,355.4513
AGMMTXLNIQSRCG-UHFFFAOYSA-N,Clc1c(S(=O)(=O)N)cc2C(=O)NC(CC)Nc2c1,289.7361
AHJKRLASYNVKDZ-UHFFFAOYSA-N,ClC(Cl)C(c1ccc(Cl)cc1)c1ccc(Cl)cc1,320.045
AIKKULXCBHRFOS-UHFFFAOYSA-N,S=P(SCC(=O)N(C=O)C)(OC)OC,257.2589
AIVXUNRQBRKFJO-UHFFFAOYSA-N,S(=O)(=O)(N)c1sc2C(=O)CCSc2c1,249.3172
AKUJBENLRBOFTD-UHFFFAOYSA-N,FC12C3(C)C(=CC(=O)C=C3)CCC1C1C(C)(C(O)(C(=O)COC(=O)C)C(C)C1)CC2O,434.5037
AMEKQAFGQBKLKX-UHFFFAOYSA-N,O=C(Nc1ccccc1)C1=C(OCCS1(=O)=O)C,267.299
AMMPGYPPRLWMLW-UHFFFAOYSA-N,O=[N+]([O-])c1cc(N)c(OCC)cc1,182.1786
AMQJEAYHLZJPGS-UHFFFAOYSA-N,OCCCCC,88.1492
AMRQXHFXNZFDCH-UHFFFAOYSA-N,O=C(OC(C(=O)NCC)C)Nc1ccccc1,236.27
ANJTVLIZGCUXLD-UHFFFAOYSA-N,O=c1n2c(ccc1)C1CNCC(C2)C1,190.2444
APSMUYYLXZULMS-UHFFFAOYSA-N,Brc1cc2c(cc1)cccc2,207.0693
APTGDJCKNMNFID-UHFFFAOYSA-N,S(=O)(=O)(N)c1sc2S(=O)(=O)CC(O)Cc2c1,283.3318
AQCHWTWZEMGIFD-UHFFFAOYSA-N,Clc1c(S(=O)(=O)N)cc2C(=O)N(c3c(C)cccc3)C(C)Nc2c1,365.8337
AQIXAKUUQRKLND-UHFFFAOYSA-N,S(CCN/C(=N/C)/NC#N)Cc1c(C)[nH]cn1,252.3366
AQIXEPGDORPWBJ-UHFFFAOYSA-N,OC(CC)CC,88.1492
ARCGXLSVLAOJQL-UHFFFAOYSA-N,O=C(O)c1c(C(=O)O)ccc(C(=O)O)c1,210.1428
ARGDYOIRHYLIMT-UHFFFAOYSA-N,ClN(Cl)S(=O)(=O)c1ccc(C)cc1,240.1038
ARSRBNBHOADGJU-UHFFFAOYSA-N,Cc1c2c(c(C)c3c1cccc3)ccc1c2cccc1,256.3464
ATROHALUCMTWTB-UHFFFAOYSA-N,S=P(ON=C(C#N)c1ccccc1)(OCC)OCC,298.2959
AUKRYONWZHRJRE-UHFFFAOYSA-N,Oc1c2c(cc3c1cccc3)cccc2,194.2324
AUNGANRZJHBGPY-UHFFFAOYSA-N,O=c1nc2n(CC(O)C(O)C(O)CO)c3c(nc2c(=O)[nH]1)cc(C)c(C)c3,376.3682
AUZONCFQVSMFAP-UHFFFAOYSA-N,S(SC(=S)N(CC)CC)C(=S)N(CC)CC,296.5214
AVQQQNCBBIEMEU-UHFFFAOYSA-N,O=C(N(C)C)N(C)C,116.1626
AVZVLGDSSQKRGL-UHFFFAOYSA-N,O=C(COC(=O)c1ccccc1)N1CCOCC1,249.2658
AWMVMTVKBNGEAK-UHFFFAOYSA-N,c1(C2OC2)ccccc1,120.1506
AXGUBXVWZBFQGA-UHFFFAOYSA-N,Clc1ccc(C(O)(C(=O)OC(C)C)c2ccc(Cl)cc2)cc1,339.2176
AYFVYJQAPQTCCC-UHFFFAOYSA-N,O=C(O)C(N)C(O)C,119.12
BACHBFVBHLGWSL-UHFFFAOYSA-N,Clc1c(Oc2ccc(OC(C(=O)OC)C)cc2)ccc(Cl)c1,341.1902
BAPJBEWLBFYGME-UHFFFAOYSA-N,O=C(OC)C=C,86.0902
BBEAQIROQSPTKN-UHFFFAOYSA-N,c12c3c4ccc1cccc2ccc3ccc4,202.255
BBXXLROWFHWFQY-UHFFFAOYSA-N,O=c1c(CCCC)c(C)nc(NCC)[nH]1,209.2906
BCCOBQSFUDVTJQ-UHFFFAOYSA-N,FC1(F)C(F)(F)C(F)(F)C1(F)F,200.0312
BCMCBBGGLRIHSE-UHFFFAOYSA-N,o1c2c(nc1)cccc2,119.1226
BDERNNFJNOPAEC-UHFFFAOYSA-N,OCCC,60.0956
BFCFYVKQTRLZHA-UHFFFAOYSA-N,Clc1c([N+](=O)[O-])cccc1,157.5561
BFPYWIDHMRZLRN-UHFFFAOYSA-N,Oc1cc2c(cc1)C1C(C3C(C)(C(O)(C#C)CC3)CC1)CC2,296.4084
BGHCVCJVXZWKCC-UHFFFAOYSA-N,C(CCCCCCC)CCCCCC,198.391
BGNCCUHEGHNNAP-UHFFFAOYSA-N,S(=O)(=O)(N)c1sc2S(=O)(=O)CCC(=O)c2c1,281.316
BKIMMITUMNQMOS-UHFFFAOYSA-N,C(CCCC)CCCC,128.257
BMLIZLVNXIYGCK-UHFFFAOYSA-N,Clc1ccc(NC(=O)N(C)C)cc1,198.6517
BNUHAJGCKIQFGE-UHFFFAOYSA-N,O=[N+]([O-])c1ccc(OC)cc1,153.1372
BOCJQSFSGAZAPQ-UHFFFAOYSA-N,Clc1c2C(=O)c3c(C(=O)c2ccc1)cccc3,242.6611
BOJWTAQWPVBIPG-UHFFFAOYSA-N,Fc1c([N+](=O)[O-])cc(C(=O)O)cc1,185.1113
BRBKOPJOKNSWSG-UHFFFAOYSA-N,S(=O)(=O)(N=C(N)N)c1ccc(N)cc1,214.2416
BRLQWZUYTZBJKN-UHFFFAOYSA-N,ClCC1OC1,92.5249
BRPOVUNVTUCYNN-UHFFFAOYSA-N,Fc1c(N2C(CC)C(N)C2)cc2n(C3CC3)cc(C(=O)O)c(=O)c2c1,345.3727
BRUZQRBVNRKLJG-UHFFFAOYSA-N,O=C(OCC(C)C)N,117.1474
BTANRVKWQNVYAZ-UHFFFAOYSA-N,OC(CC)C,74.1224
BTJIUGUIPKRLHP-UHFFFAOYSA-N,O=[N+]([O-])c1ccc(O)cc1,139.1104
BUNFNRVLMKHKIT-UHFFFAOYSA-N,O=[N+]([O-])c1c(NC(=O)C)cccc1,180.1628
BWXSXZAIQQSFPW-UHFFFAOYSA-N,O=[N+]([O-])c1cc2C(=O)OC(CC)(CC)c2cc1,235.239
BXNJHAXVSOCGBA-UHFFFAOYSA-N,O(C)c1cc2[nH]c3c(C)nccc3c2cc1,212.2506
BXWNKGSJHAJOGX-UHFFFAOYSA-N,OCCCCCCCCCCCCCCCC,242.444
BYEVBITUADOIGY-UHFFFAOYSA-N,O=C(OCC)CCCCCCCC,186.2936
BZHMBWZPUJHVEE-UHFFFAOYSA-N,C(CC(C)C)(C)C,100.2034
BZKPWHYZMXOIDC-UHFFFAOYSA-N,S(=O)(=O)(N)c1sc(NC(=O)C)nn1,222.2364
BZLVMXJERCGZMT-UHFFFAOYSA-N,O(C(C)(C)C)C,88.1492
BZTYNSQSZHARAZ-UHFFFAOYSA-N,Clc1c(c2ccc(Cl)cc2)ccc(Cl)c1,257.5463
CAQHPYSDQFDJAL-UHFFFAOYSA-N,O=C1C(=NO)c2c(cccc2)C=C1,173.1708
CBFCDTFDPHXCNY-UHFFFAOYSA-N,C(CCCCCCCCCC)CCCCCCCCC,282.5518
CCGPUGMWYLICGL-UHFFFAOYSA-N,Clc1c(Cl)ccc(NC(=O)N(CCCC)C)c1,275.1772
CDAWCLOXVUBKRW-UHFFFAOYSA-N,Oc1c(N)cccc1,109.1274
CDOZDBSBBXSXLB-UHFFFAOYSA-N,N(C(CN1c2c(Sc3c1cccc3)cccc2)C)(CC)CC,312.472
CDVNZMKTJIBBBV-UHFFFAOYSA-N,O=[N+]([O-])c1c(C)c(C(=O)O)cc([N+](=O)[O-])c1,226.1452
CEOCDNVZRAIOQZ-UHFFFAOYSA-N,Clc1c(Cl)c(Cl)cc(Cl)c1Cl,250.3389
CERQOIWHTDAKMF-UHFFFAOYSA-N,O=C(O)C(=C)C,86.0902
CFBYEGUGFPZCNF-UHFFFAOYSA-N,O=[N+]([O-])c1c(OC)cccc1,153.1372
CGBCCZZJVKUAMX-UHFFFAOYSA-N,ClC1=CC2C(C3(C1=CC(=O)C=C3)C)CCC1(C2CCC1(OC(=O)C)C(=O)C)C,402.9169
CHMBIJAOCISYEW-UHFFFAOYSA-N,O=C(Nc1ccc(N)cc1)C,150.1798
CHNUNORXWHYHNE-UHFFFAOYSA-N,Clc1c(OC(C)C)cc(n2c(=O)oc(C(C)(C)C)n2)c(Cl)c1,345.2248
CHNXZKVNWQUJIB-UHFFFAOYSA-N,O=C1C=C2C(C)(C3C(C4C(C)(C(O)(C#C)CC4)CC3)CC2)CC1,312.451
CHVJITGCYZJHLR-UHFFFAOYSA-N,C1=CC=CCC=C1,92.1402
CIWBSHSKHKDKBQ-JLAZNSOCSA-N,O=C1C(=C(O)[C@@H]([C@@H](O)CO)O1)O,176.1256
CIWBSHSKHKDKBQ-UHFFFAOYSA-N,O=C1C(=C(O)C(C(O)CO)O1)O,176.1256
CJHXCRMKMMBYJQ-UHFFFAOYSA-N,Oc1c(CCCC)c(C)nc(N(C)C)n1,209.2906
CKRZKMFTZCFYGB-UHFFFAOYSA-N,ONc1ccccc1,109.1274
CMSMOCZEIVJLDB-UHFFFAOYSA-N,ClCCN(CCCl)P1(=O)OCCCN1,261.0875
CMVQZRLQEOAYSW-UHFFFAOYSA-N,Clc1c(Cl)cccc1[N+](=O)[O-],192.0012
CNGDZXAWOIPFFX-UHFFFAOYSA-N,S(=O)(=O)(N)c1scc(C(=O)c2ccc(OC)cc2)c1,297.3432
COLNVLDHVKWLRT-UHFFFAOYSA-N,O=C(O)C(N)Cc1ccccc1,165.1914
CPGPAVAKSZHMBP-UHFFFAOYSA-N,Cc1c2c(cc3c1cccc3)cccc2,192.2598
CPNGPNLZQNNVQM-UHFFFAOYSA-N,n1c2nccnc2cnc1,132.1244
CQRYARSYNCAZFO-UHFFFAOYSA-N,OCc1c(O)cccc1,124.139
CSHWQDPOILHKBI-UHFFFAOYSA-N,c12c3c4c5c(c1cccc2ccc3)cccc5ccc4,252.3148
CTJMNBROBOZHAP-UHFFFAOYSA-N,Fc1c(N2CC(N)C2)cc2n(C3CC3)cc(C(=O)O)c(=O)c2c1,317.3191
CULUWZNBISUWAS-UHFFFAOYSA-N,O=[N+]([O-])c1n(CC(=O)NCc2ccccc2)ccn1,260.2518
CVQODEWAPZVVBU-UHFFFAOYSA-N,O=C(Oc1cc(C)cc(C)c1)NC,179.2182
CVRALZAYCYJELZ-UHFFFAOYSA-N,Brc1c(Cl)cc(OP(=S)(OC)c2ccccc2)c(Cl)c1,412.0646
CVUGPAFCQJIYDT-UHFFFAOYSA-N,ClC(Cl)(Cl)C(c1c(Cl)cccc1)c1ccc(Cl)cc1,354.4901
CWJSHJJYOPWUGX-UHFFFAOYSA-N,Clc1cc(NC(=O)OC(C)C)ccc1,213.6633
CWRYPZZKDGJXCA-UHFFFAOYSA-N,c12c3cccc1CCc2ccc3,154.211
CXOFVDLJLONNDW-UHFFFAOYSA-N,O=C1C(c2ccccc2)(c2ccccc2)NC(=O)N1,252.272
CXWXQJXEFPUFDZ-UHFFFAOYSA-N,c12c(cccc1)CCCC2,132.2048
CYFLXLSBHQBMFT-UHFFFAOYSA-N,S(=O)(=O)(Nc1oc(C)c(C)n1)c1ccc(N)cc1,267.302
CZGCEKJOLUNIFY-UHFFFAOYSA-N,Clc1ccc([N+](=O)[O-])cc1,157.5561
CZIHNRWJTSTCEX-UHFFFAOYSA-N,O=C(Nc1cc2c(c3c(cccc3)C2)cc1)C,223.2738
CZMRCDWAGMRECN-UGDNZRGBSA-N,O([C@@H]1[C@H](O)[C@@H](O)[C@H](O)[C@@H](CO)O1)[C@@]1(CO)[C@@H](O)[C@H](O)[C@@H](CO)O1,342.2992
CZPWVGJYEJSRLH-UHFFFAOYSA-N,n1cnccc1,80.089
DBABZHXKTCFAPX-UHFFFAOYSA-N,S(=O)(=O)(N(CCC)CCC)c1ccc(C(=O)O)cc1,285.3574
DBPWSSGDRRHUNT-UHFFFAOYSA-N,O=C(C)C1(O)C2(C)C(C3C(C4(C)C(=CC(=O)CC4)CC3)CC2)CC1,330.4662
DCAYPVUWAIABOU-UHFFFAOYSA-N,C(CCCCCCCC)CCCCCCC,226.4446
DCUJJWWUNKIJPH-UHFFFAOYSA-N,ClC(Cl)(Cl)c1nc(Cl)ccc1,230.9084
DDUHZTYCFQRHIY-UHFFFAOYSA-N,Clc1c(OC)cc(OC)c2C(=O)C3(C(=CC(=O)CC3C)OC)Oc12,352.7707
DEKWZWCFHUABHE-UHFFFAOYSA-N,Clc1ccc(C(CC(=O)C)c2c(=O)oc3c(c2O)cccc3)cc1,342.7781
DEWLEGDTCGBNGU-UHFFFAOYSA-N,ClCC(O)CCl,128.9858
DFBKLUNHFCTMDC-PICURKEMSA-N,ClC1(Cl)[C@]2(Cl)C(=C(Cl)[C@@]1(Cl)[C@@H]1[C@H]2[C@H]2[C@@H]3O[C@@H]3[C@@H]1C2)Cl,380.9126
DFCAFRGABIXSDS-UHFFFAOYSA-N,S(C(=O)N(CC)C1CCCCC1)CC,215.353
DFOXKPDFWGNLJU-UHFFFAOYSA-N,OC(C(C)(C)C)C,102.176
DFPAKSUCGFBDDF-UHFFFAOYSA-N,O=C(N)c1cnccc1,122.1262
DFXQXFGFOLXAPO-UHFFFAOYSA-N,Clc1c([N+](=O)[O-])cc(C(=O)O)cc1,201.5659
DHKHKXVYLBGOIT-UHFFFAOYSA-N,O(C(OCC)C)CC,118.1754
DHMQDGOQFOQNFH-UHFFFAOYSA-N,O=C(O)CN,75.067
DHXVGJBLRPWPCS-UHFFFAOYSA-N,O1CCCCC1,86.1334
DJHHDLMTUOLVHY-UHFFFAOYSA-N,Clc1c(Cl)c(Cl)c2Oc3c(Oc2c1Cl)cccc3,321.9744
DJPZSBANTAQNFN-UHFFFAOYSA-N,O=C(OC1C2(C)C(C3C(C4(C)C(=CC(=O)CC4)CC3)CC2)CC1)C,330.4662
DKMROQRQHGEIOW-UHFFFAOYSA-N,O=C(OCC)CCC(=O)OCC,174.1962
DLFVBJFMPXGRIB-UHFFFAOYSA-N,O=C(N)C,59.0676
DLKQHBOKULLWDQ-UHFFFAOYSA-N,Brc1c2c(ccc1)cccc2,207.0693
DLVAUVPZQHGFJC-UHFFFAOYSA-N,O=C(N(CC(=O)N)C)COC(=O)c1ccccc1,250.2536
DMDGGSIALPNSEE-UHFFFAOYSA-N,S(=O)(=O)(N)c1c(C(F)(F)F)cc2NCNS(=O)(=O)c2c1,331.2841
DMEGYFMYUHOHGS-UHFFFAOYSA-N,C1CCCCCC1,98.1876
DNJIEGIFACGWOD-UHFFFAOYSA-N,SCC,62.1294
DOFZAZXDOSGAJZ-UHFFFAOYSA-N,S=P(SCCSCC)(OCC)OCC,274.3907
DOIRQSBPFJWKBE-UHFFFAOYSA-N,O=C(OCCCC)c1c(C(=O)OCCCC)cccc1,278.3474
DOWJXOHBNXRUOD-UHFFFAOYSA-N,Cc1c2c(c3c(cc2)cccc3)ccc1,192.2598
DPJCXCZTLWNFOH-UHFFFAOYSA-N,O=[N+]([O-])c1c(N)cccc1,138.1256
DPSPPJIUMHPXMA-UHFFFAOYSA-N,Fc1cc2c(=O)c(C(=O)O)cn3C(C)CCc(c23)c1,261.2521
DQJCHOQLCLEDLL-UHFFFAOYSA-N,Cc1c2n3c(sc2ccc1)nnc3,189.2344
DQWPFSLDHJDLRL-UHFFFAOYSA-N,P(=O)(OCC)(OCC)OCC,182.1559
DQZCVNGCTZLGAQ-UHFFFAOYSA-N,O=C(N(C)C)NC1CCCCCCC1,198.3076
DRLFMBDRBRZALE-UHFFFAOYSA-N,O=C(NCCc1c2c([nH]c1)ccc(OC)c2)C,232.2816
DRUIESSIVFYOMK-UHFFFAOYSA-N,ClC(Cl)(Cl)C#N,144.3877
DSBMOVYUOIIPDK-UHFFFAOYSA-N,O=C1N(Cc2ccccc2)C(=O)NC1(C)C,218.2548
DSKJPMWIHSOYEA-UHFFFAOYSA-N,S(=O)(=O)(Oc1c(CCCC)c(C)nc(NCC)n1)N(C)C,316.4176
DSRNRYQBBJQVCW-UHFFFAOYSA-N,Clc1c(OC)ccc(NC(=O)N(C)C)c1,228.6779
DSSYKIVIOFKYAU-UHFFFAOYSA-N,O=C1C2(C)C(C)(C)C(C1)CC2,152.2358
DTGKSKDOIYIVQL-UHFFFAOYSA-N,OC1C2(C)C(C)(C)C(C1)CC2,154.2516
DTMRKGRREZAYAP-UHFFFAOYSA-N,Clc1c(Cl)c(Cl)cc(c1Cl)c1c(Cl)c(Cl)c(Cl)c(Cl)c1,429.7718
DVQVBLBKEXITIK-UHFFFAOYSA-N,S(=O)(=O)(Nc1sc(C(C)(C)C)nn1)c1ccc(N)cc1,312.404
DVVGIUUJYPYENY-UHFFFAOYSA-N,O=c1n(C)cccc1,109.1274
DWEPFAMAQPVFBH-UHFFFAOYSA-N,S(=O)(=O)(N)c1sc2S(=O)CCC(O)c2c1,267.3324
DXXVCXKMSWHGTF-UHFFFAOYSA-N,Clc1c(Oc2cc(OC)c([N+](=O)[O-])cc2)ccc(Cl)c1,314.1244
DYDNPESBYVVLBO-UHFFFAOYSA-N,O=CNc1ccccc1,121.1384
DZMDPHNGKBEVRE-UHFFFAOYSA-N,ClCCCCCCC,134.6485
DZQVFHSCSRACSX-UHFFFAOYSA-N,S(=O)(=O)(Nc1ncc(C)cn1)c1ccc(N)cc1,264.3014
DZTHIGRZJZPRDV-UHFFFAOYSA-N,O=C(O)C(NC(=O)C)Cc1c2c([nH]c1)cccc2,246.2652
DZZWHBIBMUVIIW-DTORHVGOSA-N,Fc1c(N2C[C@@H](C)N[C@@H](C)C2)c(F)c2n(C3CC3)cc(C(=O)O)c(=O)c2c1N,392.4046
FBPFZTCFMRRESA-UHFFFAOYSA-N,OC(C(O)C(O)CO)C(O)CO,182.173
FCYQIDFMSYIAEB-UHFFFAOYSA-N,O(COc1c2OC3C(O)CCC4C53c2c(cc1)CC4N(C)CC5)C,331.4108
FDDDEECHVMSUSB-UHFFFAOYSA-N,S(=O)(=O)(N)c1ccc(N)cc1,172.2014
FDPIMTJIUBPUKL-UHFFFAOYSA-N,O=C(CC)CC,86.1334
FEFQUIPMKBPKAR-UHFFFAOYSA-N,O=C(N1C(=O)CCCCC1)c1ccccc1,217.267
FEMZVDSBIXDODB-UHFFFAOYSA-N,Fc1c(N2CC(N)(C)C2)c(F)cc2c(=O)c(C(=O)O)cn(C3CC3)c12,349.3364
FERIUCNNQQJTOY-UHFFFAOYSA-N,O=C(O)CCC,88.106
FFEARJCKVFRZRR-UHFFFAOYSA-N,S(CCC(N)C(=O)O)C,149.2074
FFGPTBGBLSHEPO-UHFFFAOYSA-N,O=C(N)N1c2c(cccc2)C=Cc2c1cccc2,236.2726
FGLBSLMDCBOPQK-UHFFFAOYSA-N,O=[N+]([O-])C(C)C,89.0938
FHADSMKORVFYOS-UHFFFAOYSA-N,OC1CCCCCCC1,128.2138
FLVIGYVXZHLUHP-UHFFFAOYSA-N,S=C(NCC)NCC,132.2232
FMGSKLZLMKYGDP-USOAJAOKSA-N,O=C1[C@]2(C)[C@H]([C@H]3[C@@H]([C@]4(C)C(=CC3)C[C@@H](O)CC4)CC2)CC1,288.429
FMINYZXVCTYSNY-UHFFFAOYSA-N,O=C(N(C)c1ccccc1)NC(C)(C)c1ccccc1,268.3578
FMKMKBLHMONXJM-UHFFFAOYSA-N,Nc1n(c2ccccc2)nc(C)c1,173.217
FNFPHNZQOKBKHN-UHFFFAOYSA-N,O=C(OCC(=O)C1(O)C2(C)C(C3C(C4(C)C(=CC(=O)CC4)CC3)C(O)C2)CC1)CC(C)(C)C,460.6094
FNROXVCRPXYLRT-UHFFFAOYSA-N,O=C(N(C)C)CCCOC(=O)c1ccccc1,235.2822
FOANIXZHAMJWOI-UHFFFAOYSA-N,Brc1ccc(C(O)(C(=O)OC(C)C)c2ccc(Br)cc2)cc1,428.1196
FOCAUTSVDIKZOP-UHFFFAOYSA-N,ClCC(=O)O,94.4975
FOIBFBMSLDGNHL-UHFFFAOYSA-N,Clc1c(Cl)c(Cl)c2Oc3c(Cl)c(Cl)c(Cl)c(Cl)c3Oc2c1Cl,459.7548
FPQJEXTVQZHURJ-UHFFFAOYSA-N,O=C(NCCO)C(=O)NCCO,176.1718
FRDAATYAJDYRNW-UHFFFAOYSA-N,OC(CC)(CC)C,102.176
FRQUNVLMWIYOLV-UHFFFAOYSA-N,Clc1c(Cl)c(OC)ccc1Cl,211.4749
FSCWZHGZWWDELK-UHFFFAOYSA-N,Clc1cc(Cl)cc(N2C(=O)C(C=C)(C)OC2=O)c1,286.114
FSERHDPEOFYMMK-UHFFFAOYSA-N,Brc1cc2c(CN(C)C)c[nH]c2cc1,253.1411
FSVJFNAIGNNGKK-UHFFFAOYSA-N,O=C(N1CC(=O)N2C(c3c(cccc3)CC2)C1)C1CCCCC1,312.4108
FTOVXSOBNPWTSH-UHFFFAOYSA-N,c12c3c4c(cc1c1c(c2ccc3)cccc1)cccc4,252.3148
FUKCEEDRHGCYHH-UHFFFAOYSA-N,O=C(NCCCC)COC(=O)c1ccccc1,235.2822
FULZLIGZKMKICU-UHFFFAOYSA-N,S=C(Nc1ccccc1)N,152.2136
FUUHMSUPRUNWRQ-UHFFFAOYSA-N,Clc1c(Cl)c(Cl)cc(OC)c1Cl,245.92
FVSKHRXBFJPNKK-UHFFFAOYSA-N,N#CCC,55.0792
FXHOOIRPVKKKFG-UHFFFAOYSA-N,O=C(N(C)C)C,87.1212
FZBXGZBXWFNCQY-UHFFFAOYSA-N,O=C(COC(=O)c1ccccc1)N1CCCCCC1,261.32
FZSVSABTBYGOQH-UHFFFAOYSA-N,S(CC(=NOC(=O)NC)C(C)(C)C)C,218.3134
GABQNAFEZZDSCM-UHFFFAOYSA-N,O=C(OCC=Cc1ccccc1)c1c(N)cccc1,253.3
GBDZXPJXOMHESU-UHFFFAOYSA-N,Clc1c(Cl)c(Cl)ccc1Cl,215.8938
GBROPGWFBFCKAG-UHFFFAOYSA-N,c12c3c(c4c(cc3)cccc4)ccc1c1c(cc2)cccc1,278.3526
GCKMFJBGXUYNAG-HLXURNFRSA-N,O=C1C=C2[C@@](C)([C@@H]3[C@H]([C@H]4[C@@](C)([C@](O)(C)CC4)CC3)CC2)CC1,302.4558
GCNTZFIIOFTKIY-UHFFFAOYSA-N,Oc1ccncc1,95.1006
GCQZFVAHUZIDRP-UHFFFAOYSA-N,S(=O)(=O)(Nc1ccc(S(=O)(=O)N)cc1)c1ccc(N)cc1,327.3724
GECHUMIMRBOMGK-UHFFFAOYSA-N,S(=O)(=O)(Nc1ncccc1)c1ccc(N)cc1,249.2868
GEDIWDLJKRKBFT-UHFFFAOYSA-N,O=C(Oc1n(c2ccccc2)nc(C)c1)N(C)C,245.2804
GETQZCLCWQTVFV-UHFFFAOYSA-N,N(C)(C)C,59.1108
GEYOCULIXLDCMW-UHFFFAOYSA-N,Nc1c(N)cccc1,108.1426
GFBKOADVXIDVBA-UHFFFAOYSA-N,S(=O)(=O)(NC(=O)OCCCC)N,196.2208
GGLIEWRLXDLBBF-UHFFFAOYSA-N,O=C(Nc1ccc(OCC)cc1)N,180.206
GILNGPKTMRSQDW-UHFFFAOYSA-N,O=C(COC(=O)c1ccccc1)N1CCCC1,233.2664
GIUGGRUEPHPVNR-UHFFFAOYSA-N,Clc1cc2Oc3c(Oc2cc1)cccc3,218.6391
GKEUODMJRFDLJY-UHFFFAOYSA-N,Cc1c2c(c3c(cccc3)C2)ccc1,180.2488
GKRZNOGGALENQJ-UHFFFAOYSA-N,O=C(NC(=O)C)N,102.0926
GLDOVTGHNKAZLK-UHFFFAOYSA-N,OCCCCCCCCCCCCCCCCCC,270.4976
GLUUGHFHXGJENI-UHFFFAOYSA-N,N1CCNCC1,86.1364
GMVJKSNPLYBFSO-UHFFFAOYSA-N,Brc1c(Br)cccc1Br,314.8017
GNHMRTZZNHZDDM-UHFFFAOYSA-N,ClCCC#N,89.5243
GOHBXWHNJHENRX-UHFFFAOYSA-N,Cc1c2c(c3c(c1)cccc3)ccc1c2cccc1,242.3196
GPTONYMQFTZPKC-UHFFFAOYSA-N,S(=O)(=O)(Nc1ncc(OC)cn1)c1ccc(N)cc1,280.3008
GRFNBEZIAWKNCO-UHFFFAOYSA-N,Oc1cnccc1,95.1006
GRWAIJBHBCCLGS-UHFFFAOYSA-N,O=C(O)Cn1nnnc1,128.0902
GSDSWSVVBLHKDQ-UHFFFAOYSA-N,Fc1c(N2CCN(C)CC2)c2OCC(C)n3c2c(c(=O)c(C(=O)O)c3)c1,361.3721
GTCAXTIRRLKXRU-UHFFFAOYSA-N,O=C(OC)N,75.067
GUGOEEXESWIERI-UHFFFAOYSA-N,OC(c1ccccc1)(c1ccccc1)C1CCN(CCCC(O)c2ccc(C(C)(C)C)cc2)CC1,471.6814
GVEPBJHOBDJJJI-UHFFFAOYSA-N,c12c3cccc1c1c(c2ccc3)cccc1,202.255
GWDYJKXSUSPLEA-UHFFFAOYSA-N,O=c1nc(c2ccccc2)oc2c1cccc2,223.2306
GWOFUCIGLDBNKM-UHFFFAOYSA-N,Clc1cc2nccc(Nc3c(C(=O)OCC(O)CO)cccc3)c2cc1,372.8073
GWUSZQUVEVMBPI-UHFFFAOYSA-N,O=[N+]([O-])c1cc2C(=NCC(=O)N(C)c2cc1)c1ccccc1,295.297
GXEKYRXVRROBEV-UHFFFAOYSA-N,O=C(O)C1C(C(=O)O)C2OC1CC2,186.164
GYFAGKUZYNFMBN-UHFFFAOYSA-N,c12c3c4c5c6c1c(ccc2ccc3ccc4ccc5)ccc6,276.3368
GYMFBYTZOGMSQJ-UHFFFAOYSA-N,Cc1cc2c(cc3c(c2)cccc3)cc1,192.2598
GYTMHWVFKHLDEA-UHFFFAOYSA-N,S(=O)(=O)(N)c1scc(C(=O)c2ccc(C)cc2)c1,281.3438
HAPOJKSPCGLOOD-UHFFFAOYSA-N,c12c(cc3c(c4c(cccc4)C3)c1)cccc2,216.2818
HAXBIWFMXWRORI-UHFFFAOYSA-N,c12c3cccc1c1c(c2ccc3)cc2c(c1)cccc2,252.3148
HCFSGRMEEXUOSS-UHFFFAOYSA-N,O=C(C)C1(C)C2(C)C(C3C=C(C)C4=CC(=O)CCC4(C)C3CC2)CC1,340.5046
HDWIHXWEUNVBIY-UHFFFAOYSA-N,S(=O)(=O)(N)c1c(C(F)(F)F)cc2NC(Cc3ccccc3)NS(=O)(=O)c2c1,421.4085
HDZGCSFEDULWCS-UHFFFAOYSA-N,N(N)C,46.0718
HEZNVIYQEUHLNI-UHFFFAOYSA-N,S(CC)Cc1c(OC(=O)NC)cccc1,225.305
HFBWPRKWDIRYNX-UHFFFAOYSA-N,Clc1nc(N(CC)CC)nc(NCC)n1,229.7119
HFHZKZSRXITVMK-UHFFFAOYSA-N,O=C1N(N(c2ccccc2)C(=O)C1CCCC)c1ccc(O)cc1,324.3786
HHMCAJWVGYGUEF-UHFFFAOYSA-N,FC(F)(F)c1cc([N+](=O)[O-])c(Oc2ccc([N+](=O)[O-])cc2)cc1,328.2039
HHOSMYBYIHNXNO-UHFFFAOYSA-N,C(CCC(C)C)(C)(C)C,128.257
HJUFTIJOISQSKQ-UHFFFAOYSA-N,O=C(OCC)NCCOc1ccc(Oc2ccccc2)cc1,301.3414
HKMTVMBEALTRRR-UHFFFAOYSA-N,c12c(ccc3c4c(cccc4)Cc13)cccc2,216.2818
HKOOXMFOFWEVGF-UHFFFAOYSA-N,N(N)c1ccccc1,108.1426
HKPHPIREJKHECO-UHFFFAOYSA-N,ClCC(=O)N(COCCCC)c1c(CC)cccc1CC,311.8509
HLQDGCWIOSOMDP-UHFFFAOYSA-N,Clc1c(Cl)c(Cl)cc(c1Cl)c1ccccc1,291.9914
HLZKNKRTKFSKGZ-UHFFFAOYSA-N,OCCCCCCCCCCCCCC,214.3904
HMIBKHHNXANVHR-UHFFFAOYSA-N,S(C(=O)N(C)C)CCCCOc1ccccc1,253.3586
HMSWAIKSFDFLKN-UHFFFAOYSA-N,C(CCCCCCCCCCCCC)CCCCCCCCCCCC,366.7126
HNDVDQJCIGZPNO-YFKPBYRVSA-N,O=C(O)[C@@H](N)Cc1[nH]cnc1,155.156
HNJBEVLQSNELDL-UHFFFAOYSA-N,O=C1NCCC1,85.1054
HOQADATXFBOEGG-UHFFFAOYSA-N,S=P(OCC)(Oc1c(C(=O)OC(C)C)cccc1)NC(C)C,345.3927
HORNXRXVQWOLPJ-UHFFFAOYSA-N,Clc1cc(O)ccc1,128.5579
HPQURZRDYMUHJI-UHFFFAOYSA-N,C(CCC1CCCC1)CC,140.268
HPXRVTGHNJAIIH-UHFFFAOYSA-N,OC1CCCCC1,100.1602
HPYNZHMRTTWQTB-UHFFFAOYSA-N,Cc1c(C)cccn1,107.1548
HRBKVYFZANMGRE-UHFFFAOYSA-N,Clc1c(Cl)cc(Cl)c(OP(=S)(OC)OC)n1,322.53
HRPVXLWXLXDGHG-UHFFFAOYSA-N,O=C(N)C=C,71.0786
HRVUKLBFRPWXPJ-UHFFFAOYSA-N,Clc1c(Cl)cc(Cl)c2Oc3c(Oc12)cccc3,287.5293
HSFWRNGVRCDJHI-UHFFFAOYSA-N,C#C,26.0378
HUPFGZXOMWLGNK-UHFFFAOYSA-N,Fc1c(c2cc(C(=O)O)c(O)cc2)ccc(F)c1,250.2012
HUTDUHSNJYTCAR-UHFFFAOYSA-N,O(C)c1ccc(C(O)(c2cncnc2)C2CC2)cc1,256.3036
HWHLPVGTWGOCJO-UHFFFAOYSA-N,OC(CCN1CCCCC1)(c1ccccc1)C1CCCCC1,301.471
HWWYDZCSSYKIAD-UHFFFAOYSA-N,Cc1cc(C)cnc1,107.1548
HYBBIBNJHNGZAN-UHFFFAOYSA-N,O=Cc1occc1,96.0854
HYIMSNHJOBLJNT-UHFFFAOYSA-N,O=[N+]([O-])c1c(C2C(=C(C)NC(=C2C(=O)OC)C)C(=O)OC)cccc1,346.339
HYJSGOXICXYZGS-UHFFFAOYSA-N,Clc1c2n(CC(=O)O)c(=O)sc2ccc1,243.6643
HYVMOJOTZLNZPF-UHFFFAOYSA-N,S(=O)(=O)(N)c1sc2C(=O)CCS(=O)(=O)c2c1,281.316
HYWYRSMBCFDLJT-UHFFFAOYSA-N,S(=O)(=O)(Nc1c(Oc2ccccc2)cc([N+](=O)[O-])cc1)C,308.3082
IAIWVQXQOWNYOU-UHFFFAOYSA-N,O=[N+]([O-])c1oc(C=NNC(=O)N)cc1,198.1378
IAKOZHOLGAGEJT-UHFFFAOYSA-N,ClC(Cl)(Cl)C(c1ccc(OC)cc1)c1ccc(OC)cc1,345.6523
IDCPFAYURAQKDZ-UHFFFAOYSA-N,O=[N+]([O-])NC(=N)N,104.0682
IDOWTHOLJBTAFI-UHFFFAOYSA-N,O=C(OC)Nc1cc(OC(=O)Nc2cc(C)ccc2)ccc1,300.3134
IFEKQNAXDMZERW-UHFFFAOYSA-N,O=C(O)C(N)Cc1n[nH]c2c1cccc2,205.2158
IFLREYGFSNHWGE-UHFFFAOYSA-N,c12c(cc3c(c1)cccc3)cc1c(c2)cccc1,228.2928
IGEMDIAQXSOCKX-UHFFFAOYSA-N,S(=O)(=O)(N)c1scc(S(=O)(=O)c2ccc(O)cc2)c1,319.3648
IIZIPXWXNPFUOU-UHFFFAOYSA-N,O=C(N(CCO)CC)COC(=O)c1ccccc1,251.2816
IJFPVINAQGWBRJ-UHFFFAOYSA-N,O=C(OCCCCCC(C)C)c1c(C(=O)OCCCCCC(C)C)cccc1,390.5618
IKECULIHBUCAKR-UHFFFAOYSA-N,OC(C(C)C)(C)C,102.176
IKZBNCORGKYEDZ-UHFFFAOYSA-N,Fc1c(N2CC(N)C2)c(F)cc2c(=O)c(C(=O)O)cn(C3CC3)c12,335.3096
IMIDOCRTMDIQIJ-UHFFFAOYSA-N,O=C(Oc1cc(C)c(N(C)C)cc1)NC,208.2596
IMMLSOUHQHJKTL-UHFFFAOYSA-N,ClC1=CC=CCC(=C1NC1C(=CC=CC=C1)CC(=O)OCC(=O)NC(C(=O)OC)C)Cl,467.348
IMNFDUFMRHMDMM-UHFFFAOYSA-N,C(CCC)CCC,100.2034
IMONTRJLAWHYGT-UHFFFAOYSA-N,O=C(OC1(C#C)C2(C)C(C3C(C4C(=CC(=O)CC4)CC3)CC2)CC1)C,340.4614
IMPKVMRTXBRHRB-UHFFFAOYSA-N,OC1C(O)C(O)CC(O)C1O,164.1578
IMWQMZMZPWIQBE-UHFFFAOYSA-N,O=C(NN=C(C=NNC(=O)N)C)N,186.173
INWLQCZOYSRPNW-UHFFFAOYSA-N,O=C(Nc1c(C)cccc1C)C1N(C)CCCC1,246.3516
IOUNQDKNJZEDEP-UHFFFAOYSA-N,Clc1cc2oc(=O)n(CSP(=S)(OCC)OCC)c2cc1,367.8016
IPCSVZSSVZVIGE-UHFFFAOYSA-N,O=C(O)CCCCCCCCCCCCCCC,256.4276
IPEHBUMCGVEMRF-UHFFFAOYSA-N,O=C(N)c1nccnc1,123.114
IQUPABOKLQSFBK-UHFFFAOYSA-N,O=[N+]([O-])c1c(O)cccc1,139.1104
IRCMYGHHKLLGHV-UHFFFAOYSA-N,S(=O)(=O)(Oc1cc2C(C)(C)C(OCC)Oc2cc1)C,286.3422
IRIAEXORFWYRCZ-UHFFFAOYSA-N,O=C(OCCCC)c1c(C(=O)OCc2ccccc2)cccc1,312.3646
ISEUFVQQFVOBCY-UHFFFAOYSA-N,O(C)c1nc(NC(C)C)nc(NC(C)C)n1,225.293
ISMYLNZMKJLINI-UHFFFAOYSA-N,O=c1n(CC)c2c(n(CC)c3ncccc13)nccc2,268.3176
ISWSIDIOOBJBQZ-UHFFFAOYSA-N,Oc1ccccc1,94.1128
ITEQSCBLCCNACE-UHFFFAOYSA-N,O=C(OC1=CC(=O)CC(C)(C)C1)N(C)C,211.2602
IUTPYMGCWINGEY-UHFFFAOYSA-N,Clc1c(Cl)cc(c(Cl)c1)c1cc(Cl)c(Cl)cc1,326.4365
IVUXTESCPZUGJC-UHFFFAOYSA-N,Clc1ccc(Oc2ccc(NC(=O)N(C)C)cc2)cc1,290.7487
IWDCLRJOBJJRNH-UHFFFAOYSA-N,Oc1ccc(C)cc1,108.1396
IWYDHOAUDWTVEP-UHFFFAOYSA-N,O=C(O)C(O)c1ccccc1,152.1494
IYXGSMUGOJNHAZ-UHFFFAOYSA-N,O=C(OCC)CC(=O)OCC,160.1694
IZNWACYOILBFEG-UHFFFAOYSA-N,O=[N+]([O-])c1c(C)ccc2c1cccc2,187.1976
JAYCNKDKIKZTAF-UHFFFAOYSA-N,Clc1c(c2c(Cl)cccc2)cccc1,223.1012
JBDOSUUXMYMWQH-UHFFFAOYSA-N,S=C=Nc1c2c(ccc1)cccc2,185.243
JFCQEDHGNNZCLN-UHFFFAOYSA-N,O=C(O)CCCC(=O)O,132.1158
JFNWFXVFBDDWCX-UHFFFAOYSA-N,S(=O)(=O)(N(C(=O)C)c1c(C)c(C)no1)c1ccc(N)cc1,309.3392
JFSPBVWPKOEZCB-UHFFFAOYSA-N,O=C(Nc1ccccc1)c1c(C)occ1,201.2244
JHBKHLUZVFWLAG-UHFFFAOYSA-N,Clc1c(Cl)cc(Cl)c(Cl)c1,215.8938
JHIVVAPYMSGYDF-UHFFFAOYSA-N,O=C1CCCCC1,98.1444
JHJOOSLFWRRSGU-UHFFFAOYSA-N,Clc1c(Cl)cc(OP(=S)(OC)OC)c(Cl)c1,321.5422
JIEKMACRVQTPRC-UHFFFAOYSA-N,Clc1ccc(c2c(CC(=O)O)sc(c3ccccc3)n2)cc1,329.8003
JIGUQPWFLRLWPJ-UHFFFAOYSA-N,O=C(OCC)C=C,100.117
JIVPVXMEBJLZRO-UHFFFAOYSA-N,Clc1c(S(=O)(=O)N)cc(C2(O)NC(=O)c3c2cccc3)cc1,338.7649
JJYPMNFTHPTTDI-UHFFFAOYSA-N,Nc1cc(C)ccc1,107.1548
JLKIGFTWXXRPMT-UHFFFAOYSA-N,S(=O)(=O)(Nc1noc(C)c1)c1ccc(N)cc1,253.2752
JLRGJRBPOGGCBT-UHFFFAOYSA-N,S(=O)(=O)(NC(=O)NCCCC)c1ccc(C)cc1,270.3458
JLYXXMFPNIAWKQ-UHFFFAOYSA-N,ClC1C(Cl)C(Cl)C(Cl)C(Cl)C1Cl,290.8314
JMMWKPVZQRWMSS-UHFFFAOYSA-N,O=C(OC(C)C)C,102.1328
JOFWLTCLBGQGBO-UHFFFAOYSA-N,Clc1c(C2=NCc3n(c(C)nn3)c3c2cc(Cl)cc3)cccc1,343.2146
JOMNTHCQHJPVAZ-UHFFFAOYSA-N,CC1NCCNC1,100.1632
JOYRKODLDBILNP-UHFFFAOYSA-N,O=C(OCC)N,89.0938
JPLCQHHISLYGRA-UHFFFAOYSA-N,O=C(Nc1cnc(OC)cc1)C1CC1,192.217
JQUIGGQYRQVIIE-UHFFFAOYSA-N,O=C(N(C(=O)C)C)COC(=O)c1ccccc1,235.239
JRZJOMJEPLMPRA-UHFFFAOYSA-N,C(=C)CCCCCCC,126.2412
JSZOAYXJRCEYSX-UHFFFAOYSA-N,O=[N+]([O-])CCC,89.0938
JTAGHJPZEDNHHA-UHFFFAOYSA-N,O=C(NCCc1cc(OC)c(OC)cc1)CNc1cc(C(=O)NC)ccc1,371.4352
JTGMTYWYUZDRBK-UHFFFAOYSA-N,Cc1c2c(c(C)c3c1cccc3)cccc2,206.2866
JUHORIMYRDESRB-UHFFFAOYSA-N,N(CCNCc1ccccc1)Cc1ccccc1,240.3474
JUJWROOIHBZHMG-UHFFFAOYSA-N,n1ccccc1,79.1012
JVPGYYNQTPWXGE-UHFFFAOYSA-N,Cc1ccc(c2sc3c(n2)cccc3)cc1,225.3076
JVSWJIKNEAIKJW-UHFFFAOYSA-N,C(CCCCC)(C)C,114.2302
JWBOIMRXGHLCPP-UHFFFAOYSA-N,ClC(Cl)C(c1c(Cl)cccc1)c1ccc(Cl)cc1,320.045
JWUCHKBSVLQQCO-UHFFFAOYSA-N,Fc1c(C(O)(Cn2ncnc2)c2ccc(F)cc2)cccc1,301.295
JWUJQDFVADABEY-UHFFFAOYSA-N,CC1OCCC1,86.1334
JWZZKOKVBUJMES-UHFFFAOYSA-N,OC(CNC(C)C)c1cc(O)c(O)cc1,211.2602
JXCGFZXSOMJFOA-UHFFFAOYSA-N,Clc1c(C)ccc(NC(=O)N(C)C)c1,212.6785
JXSJBGJIGXNWCI-UHFFFAOYSA-N,S=P(SC(C(=O)OCC)CC(=O)OCC)(OC)OC,330.3503
JXVIIQLNUPXOII-UHFFFAOYSA-N,O=C(Nc1ccccc1)NC1C(C)CCCC1,232.3248
JYFHYPJRHGVZDY-UHFFFAOYSA-N,P(=O)(OCCCC)(OCCCC)O,210.2095
JYVLIDXNZAXMDK-UHFFFAOYSA-N,OC(CCC)C,88.1492
JYYNAJVZFGKDEQ-UHFFFAOYSA-N,Cc1nccc(C)c1,107.1548
JZQKKSLKJUAGIC-UHFFFAOYSA-N,O(CC(O)CNC(C)C)c1c2c([nH]cc2)ccc1,248.3242
JZUFKLXOESDKRF-UHFFFAOYSA-N,Clc1c(S(=O)(=O)N)cc2S(=O)(=O)NCNc2c1,297.7309
JZUTXVTYJDCMDU-UHFFFAOYSA-N,O(C)c1c(OC)ccc2C(C3N(C)CCc4c3cc3OCOc3c4)OC(=O)c12,383.4
KAATUXNTWXVJKI-UHFFFAOYSA-N,ClC(=CC1C(C)(C)C1C(=O)OC(C#N)c1cc(Oc2ccccc2)ccc1)Cl,416.303
KAESVJOAVNADME-UHFFFAOYSA-N,[nH]1cccc1,67.0902
KANLOADZXMMCQA-UHFFFAOYSA-N,Cc1cc2c(c3c(cc2)cccc3)cc1,192.2598
KDDQDUIBYASSFC-UHFFFAOYSA-N,FC(F)(F)c1c2[nH]c(=O)c3c(n(CC)c2nc(C)c1)nccc3,322.2891
KDYFGRWQOYBRFD-UHFFFAOYSA-N,O=C(O)CCC(=O)O,118.089
KENZYIHFBRWMOD-UHFFFAOYSA-N,Clc1c(Cl)ccc(c2c(Cl)ccc(Cl)c2)c1,291.9914
KFIRODWJCYBBHY-UHFFFAOYSA-N,O=[N+]([O-])c1c(C(=O)O)c(C(=O)O)ccc1,211.1306
KFNNIILCVOLYIR-UHFFFAOYSA-N,O=COCCC,88.106
KFZMGEQAYNKOFK-UHFFFAOYSA-N,OC(C)C,60.0956
KGVPNLBXJKTABS-UHFFFAOYSA-N,Oc1noc(C)c1,99.089
KHBQMWCZKVMBLN-UHFFFAOYSA-N,S(=O)(=O)(N)c1ccccc1,157.1868
KHNYNFUTFKJLDD-UHFFFAOYSA-N,c12c3cccc1c1c4c(ccc1c2ccc3)cccc4,252.3148
KIEDNEWSYUYDSN-UHFFFAOYSA-N,Clc1c(CN2C(=O)C(C)(C)CO2)cccc1,239.7011
KIGQVWWOESIMBG-UHFFFAOYSA-N,O=C(O)CN(CCC#N)CCC#N,181.1938
KIVUHCNVDWYUNP-UHFFFAOYSA-N,Nc1c2c(c3c(c4c(cc3)cccc4)c1)cccc2,243.3074
KIWUVOGUEXMXSV-UHFFFAOYSA-N,S=C1SCC(=O)N1,133.1828
KJONHKAYOJNZEC-UHFFFAOYSA-N,O=[N+]([O-])c1cc2C(=NCC(=O)Nc2cc1)c1ccccc1,281.2702
KJVQYDYPDFFJMP-UHFFFAOYSA-N,S(=O)(=O)(Nc1scc(C)n1)c1ccc(N)cc1,269.3358
KMAQZIILEGKYQZ-UHFFFAOYSA-N,Clc1cc([N+](=O)[O-])ccc1,157.5561
KMRNTNDWADEIIX-UHFFFAOYSA-N,ICCC(=O)O,199.9758
KNAHARQHSZJURB-UHFFFAOYSA-N,S=c1[nH]c(=O)cc(CCC)[nH]1,170.2288
KOCYTWBTXZOUFS-UHFFFAOYSA-N,Cc1nc2ncncc2nc1,146.1512
KPQZUUQMTUIKBP-UHFFFAOYSA-N,O=[N+]([O-])c1n(CC(O)C)c(C)nc1,185.1822
KPSSIOMAKSHJJG-UHFFFAOYSA-N,OCC(C)(C)C,88.1492
KQBFUDNJKCZEDQ-UHFFFAOYSA-N,Clc1c(Cl)c(Cl)cc(Cl)c1c1c(Cl)cc(Cl)c(Cl)c1,395.3267
KQNPFQTWMSNSAP-UHFFFAOYSA-N,O=C(O)C(C)C,88.106
KRTSDMXIXPKRQR-UHFFFAOYSA-N,P(=O)(OC(=CC(=O)NC)C)(OC)OC,223.1651
KSCFJBIXMNOVSH-UHFFFAOYSA-N,O=c1n(C)c(=O)c2n(CC(O)CO)cnc2n1C,254.245
KSFDHSSNYJNHAN-UHFFFAOYSA-N,CC1=Nc2c(N=C(C)C1)cccc2,172.2292
KSMVNVHUTQZITP-UHFFFAOYSA-N,Clc1c(Cl)cc2c(oc3c2cc(Cl)c(Cl)c3)c1,305.975
KSUUMAWCGDNLFK-UHFFFAOYSA-N,O=C(NC(=O)C(C(C)C)CC=C)N,184.2376
KTXUOWUHFLBZPW-UHFFFAOYSA-N,Clc1cc(c2cc(Cl)ccc2)ccc1,223.1012
KUAZQDVKQLNFPE-UHFFFAOYSA-N,S(SC(=S)N(C)C)C(=S)N(C)C,240.4142
KUCQYCKVKVOKAY-UHFFFAOYSA-N,Clc1ccc(C2CCC(C3=C(O)C(=O)c4c(C3=O)cccc4)CC2)cc1,366.8433
KVBGVZZKJNLNJU-UHFFFAOYSA-N,S(=O)(=O)(O)c1cc2c(cc1)cccc2,208.2314
KVFJBIQWENJTDM-UHFFFAOYSA-N,c12c3cc4c5c(ccc4c1CCc2ccc3)cccc5,254.3306
KVZJLSYJROEPSQ-UHFFFAOYSA-N,CC1C(C)CCCC1,112.2144
KWGRBVOPPLSCSI-WPRPVWTQSA-N,O[C@@H]([C@@H](NC)C)c1ccccc1,165.2346
KXYFWLVSYHRZJL-UHFFFAOYSA-N,O=C(N(CC(C)C)CC(C)C)COC(=O)c1ccccc1,291.3894
KZJRKRQSDZGHEC-UHFFFAOYSA-N,FC(F)(F)C(=O)c1ccccc1,174.1221
KZNICNPSHKQLFF-UHFFFAOYSA-N,O=C1NC(=O)CC1,99.089
KZOFCELNVLSKGC-UHFFFAOYSA-N,O=C(NCCc1cc(OC)c(OC)cc1)CNc1cc(C(=O)N)ccc1,357.4084
KZTYYGOKRVBIMI-UHFFFAOYSA-N,S(=O)(=O)(c1ccccc1)c1ccccc1,218.2698
LAIUFBWHERIJIH-UHFFFAOYSA-N,C(CCCC)(CC)C,114.2302
LCCNCVORNKJIRZ-UHFFFAOYSA-N,S=P(OCC)(OCC)Oc1ccc([N+](=O)[O-])cc1,291.2581
LDCFNNYCIXKMNJ-UHFFFAOYSA-N,O=C(N(CC(O)C)CC(O)C)COC(=O)c1ccccc1,295.3346
LEBVLXFERQHONN-UHFFFAOYSA-N,O=C(Nc1c(C)cccc1C)C1N(CCCC)CCCC1,288.432
LESVOLZBIFDZGS-UHFFFAOYSA-N,S(P(=O)(OC)OC)CCSC(C(=O)NC)C,287.3283
LFKDJXLFVYVEFG-UHFFFAOYSA-N,O=C(OC(C)(C)C)N,117.1474
LFQSCWFLJHTTHZ-UHFFFAOYSA-N,OCC,46.0688
LFVLUOAHQIVABZ-UHFFFAOYSA-N,Ic1c(Cl)cc(OP(=S)(OC)OC)c(Cl)c1,412.9937
LGDSHSYDSCRFAB-UHFFFAOYSA-N,S=C=NC,73.1124
LHRCREOYAASXPZ-UHFFFAOYSA-N,c12c3c(ccc1cc1c4c(ccc1c2)cccc4)cccc3,278.3526
LHXDLQBQYFFVNW-UHFFFAOYSA-N,O=C1C(C)(C)C2CC1(C)CC2,152.2358
LINPVWIEWJTEEJ-UHFFFAOYSA-N,Clc1cc2C(O)(C(=O)OC)c3c(c2cc1)cccc3,274.7031
LJCFRMUKLSCNKV-UHFFFAOYSA-N,O=C(N(CCOC)CCOC)COC(=O)c1ccccc1,295.3346
LJOZMWRYMKECFF-UHFFFAOYSA-N,Ic1c(C(=O)Nc2ccccc2)cccc1,323.1326
LKJPSUCKSLORMF-UHFFFAOYSA-N,Clc1ccc(NC(=O)N(OC)C)cc1,214.6511
LKPLKUMXSAEKID-UHFFFAOYSA-N,Clc1c(Cl)c(Cl)c([N+](=O)[O-])c(Cl)c1Cl,295.3365
LMHCYRULPLGEEZ-UHFFFAOYSA-N,ICCCCCCC,226.1
LMINNBXUMGNKMM-UHFFFAOYSA-N,O=C(O)Cc1cc2N(C)c3c(Sc2cc1)cccc3,271.3332
LMTGCJANOQOGPI-UHFFFAOYSA-N,O=C(N(C)c1ccccc1)C,149.192
LMYRWZFENFIFIT-UHFFFAOYSA-N,S(=O)(=O)(N)c1ccc(C)cc1,171.2136
LNVGTRNKWNAINT-UHFFFAOYSA-N,S(=O)(=O)(N)c1sc2C(O)CCS(=O)(=O)c2c1,283.3318
LOAUVZALPPNFOQ-UHFFFAOYSA-N,O=C(O)c1nc2c(cc1)cccc2,173.1708
LPAGFVYQRIESJQ-UHFFFAOYSA-N,N1c2c(cccc2)CC1,119.1658
LQLIEICEYDIWLO-UHFFFAOYSA-N,O=C1C(CC(C)C)OC(O)C(Cc2ccccc2)N1,263.3358
LQZZUXJYWNFBMV-UHFFFAOYSA-N,OCCCCCCCCCCCC,186.3368
LRQUYRADZABVMX-UHFFFAOYSA-N,S(=O)(=O)(N)c1scc(S(=O)(=O)c2cc(O)ccc2)c1,319.3648
LRUUNMYPIBZBQH-UHFFFAOYSA-N,Clc1c(Cl)ccc(n2c(=O)n(C)c(=O)o2)c1,261.064
LSPHULWDVZXLIL-UHFFFAOYSA-N,O=C(O)C1(C)C(C)(C)C(C(=O)O)CC1,200.234
LSXKDWGTSHCFPP-UHFFFAOYSA-N,BrCCCCCCC,179.0995
LTEQMZWBSYACLV-UHFFFAOYSA-N,C(CCC)CCc1ccccc1,162.2742
LUALIOATIOESLM-UHFFFAOYSA-N,OC1CCN(CCCN2c3c(Sc4c2cccc4)ccc(C#N)c3)CC1,365.4922
LUKBXSAWLPMMSZ-OWOJBTEDSA-N,Oc1cc(O)cc(/C=C/c2ccc(O)cc2)c1,228.247
LVHBHZANLOWSRM-UHFFFAOYSA-N,O=C(O)C(=C)CC(=O)O,130.1
LWLJUMBEZJHXHV-UHFFFAOYSA-N,ClC1(C(=C(Cl)C(=C1Cl)Cl)Cl)C1(Cl)C(=C(Cl)C(=C1Cl)Cl)Cl,474.64
LWULXYSYLOIDQY-UHFFFAOYSA-N,O=[N+]([O-])c1c(OC(=O)C)c(C(C)(C)C)cc([N+](=O)[O-])c1C,296.2792
LXMSZDCAJNLERA-ZHYRCANASA-N,S(C(=O)C)[C@H]1[C@H]2[C@H]3[C@@](C)([C@@]4(OC(=O)CC4)CC3)CC[C@@H]2[C@]2(C)C(=CC(=O)CC2)C1,416.5744
LYCAIKOWRPUZTN-UHFFFAOYSA-N,OCCO,62.0682
LYGJENNIWJXYER-UHFFFAOYSA-N,O=[N+]([O-])C,61.0402
MAEIEVLCKWDQJH-UHFFFAOYSA-N,S(=O)(=O)(N)c1c(Oc2ccccc2)c(NCCCC)cc(C(=O)O)c1,364.4154
MAZCFXDIYXGRAD-UHFFFAOYSA-N,S(=O)(=O)(N)c1sc2S(=O)(=O)CCC(O)c2c1,283.3318
MBAIEZXRGAOPKH-UHFFFAOYSA-N,c12c3c4ccc1CCCc2ccc3CCC4,208.3024
MBDMKWJEKDHRRP-UHFFFAOYSA-N,Clc1nc(N(NS(=O)(=O)c2c(C(=O)OCC)cccc2)C=O)nc(OC)c1,414.8197
MBDUIEKYVPVZJH-UHFFFAOYSA-N,S(=O)(=O)(CC)CC,122.1818
MBRLOUHOWLUMFF-UHFFFAOYSA-N,O(C)c1c(CC=C(C)C)c2oc(=O)ccc2cc1,244.2896
MCOQHIWZJUDQIC-UHFFFAOYSA-N,ClCC#CCOC(=O)Nc1cc(Cl)ccc1,258.1036
MCSAJNNLRCFZED-UHFFFAOYSA-N,O=[N+]([O-])CC,75.067
MCWXGJITAZMZEV-UHFFFAOYSA-N,S=P(SCC(=O)NC)(OC)OC,229.2485
METKIMKYRPQLGS-UHFFFAOYSA-N,O=C(N)Cc1ccc(OCC(O)CNC(C)C)cc1,266.3394
MFOUDYKPLGXPGO-UHFFFAOYSA-N,ClCC(=O)N(C(C)C)c1ccccc1,211.6907
MGWAVDBGNNKXQV-UHFFFAOYSA-N,O=C(OCC(C)C)c1c(C(=O)OCC(C)C)cccc1,278.3474
MHWLWQUZZRMNGJ-UHFFFAOYSA-N,O=C(O)c1c(=O)c2c(n(CC)c1)nc(C)cc2,232.2384
MLKXDPUZXIRXEP-RQZCQDPDSA-N,S(=O)(C)c1ccc(/C=C/2\C(=C(CC(=O)O)c3c2ccc(F)c3)C)cc1,356.4109
MLUCVPSAIODCQM-UHFFFAOYSA-N,O=CC=CC,70.0908
MOCKWYUCPREFCZ-UHFFFAOYSA-N,O=C(NN)Nc1ccccc1,151.1676
MORLYCDUFHDZKO-UHFFFAOYSA-N,P(=O)(O)(CCC(=O)O)c1ccccc1,214.1573
MOYKHGMNXAOIAT-UHFFFAOYSA-N,O=[N+](OC1C2OCC(O[N+](=O)[O-])C2OC1)[O-],236.1378
MPHPHYZQRGLTBO-UHFFFAOYSA-N,O=C1C(CCC)C(=O)n2n1c(N(C)C)nc1c2cc(C)cc1,302.3754
MQIUGAXCHLFZKX-UHFFFAOYSA-N,O=C(OCCCCCCCC)c1c(C(=O)OCCCCCCCC)cccc1,390.5618
MQJKPEGWNLWLTK-UHFFFAOYSA-N,S(=O)(=O)(c1ccc(N)cc1)c1ccc(N)cc1,248.299
MSMHOCZOEWMZOH-UHFFFAOYSA-N,O=C(NC(CO)(CO)CO)COC(=O)c1ccccc1,283.2804
MSXVEPNJUHWQHW-UHFFFAOYSA-N,OC(CC)(C)C,88.1492
MTBZIGHNGSTDJV-UHFFFAOYSA-N,S=P(OCC)(OCC)N1C(=O)c2c(C1=O)cccc2,299.2807
MTCPZNVSDFCBBE-UHFFFAOYSA-N,Clc1c(c2c(Cl)cccc2Cl)c(Cl)cc(Cl)c1,326.4365
MUBZPKHOEPUJKR-UHFFFAOYSA-N,O=C(O)C(=O)O,90.0354
MUKSMBAVCDPKRC-UHFFFAOYSA-N,O=C1N(C)c2c(Oc3ncc(N)cc13)cc(C)cc2,255.2756
MVPPADPHJFYWMZ-UHFFFAOYSA-N,Clc1ccccc1,112.5585
MVQVNTPHUGQQHK-UHFFFAOYSA-N,OCc1cnccc1,109.1274
MWBPRDONLNQCFV-UHFFFAOYSA-N,ClC(=C(Cl)CSC(=O)N(C(C)C)C(C)C)Cl,304.6615
MWKFXSUHUHTGQN-UHFFFAOYSA-N,OCCCCCCCCCC,158.2832
MWOOGOJBHIARFG-UHFFFAOYSA-N,O=Cc1cc(OC)c(O)cc1,152.1494
MWPLVEDNUUSJAV-UHFFFAOYSA-N,c12c(cc3c(c1)cccc3)cccc2,178.233
MWWATHDPGQKSAR-UHFFFAOYSA-N,C(#C)C,40.0646
MXBNEEHQIDLPLQ-UHFFFAOYSA-N,O=C1N2C(C(=O)Nc3c1cccc3)CCC2,216.239
MXXWOMGUGJBKIW-UHFFFAOYSA-N,O=C(C=CC=Cc1cc2OCOc2cc1)N1CCCCC1,285.342
MZZBPDKVEFVLFF-UHFFFAOYSA-N,Clc1nc(NC(C#N)(C)C)nc(NCC)n1,240.6949
NAEAAGULDNVNCW-UHFFFAOYSA-N,O=C(OCC)N1CCN(C(=O)OCC)CC1,230.2632
NBBJYMSMWIIQGU-UHFFFAOYSA-N,O=CCC,58.0798
NBFMTHWVRBOVPE-UHFFFAOYSA-N,Clc1cc2Oc3c(Oc2cc1)cc(Cl)cc3,253.0842
NBQCNZYJJMBDKY-UHFFFAOYSA-N,Clc1c(=O)n(C(C)(C)C)c(=O)[nH]c1C,216.6669
NCYHCGGUQGDEQW-UHFFFAOYSA-N,Clc1c(Cl)c(Cl)c(OC)c(OC)c1Cl,275.9462
NDAUXUAQIAJITI-UHFFFAOYSA-N,OC(CNC(C)(C)C)c1cc(CO)c(O)cc1,239.3138
NDDAHWYSQHTHNT-UHFFFAOYSA-N,Clc1c(S(=O)(=O)N)cc(C(=O)NN2C(C)Cc3c2cccc3)cc1,365.8337
NFACJZMKEDPNKN-UHFFFAOYSA-N,ClC(Cl)(Cl)C(P(=O)(OC)OC)O,257.4376
NFBOHOGPQUYFRF-UHFFFAOYSA-N,O1c2c(Oc3c1cccc3)cccc2,184.194
NGFMICBWJRZIBI-UHFFFAOYSA-N,O(c1c(CO)cccc1)C1C(O)C(O)C(O)C(CO)O1,286.281
NHOWDZOIZKMVAI-UHFFFAOYSA-N,Clc1c(C(O)(c2cncnc2)c2ccc(Cl)cc2)cccc1,331.2006
NHPPIJMARIVBGU-UHFFFAOYSA-N,Ic1c2c(ccc1)cccc2,254.0698
NHTGQOXRZFUGJX-UHFFFAOYSA-N,Clc1c(Cl)c(Cl)c2nccnc2c1Cl,267.9292
NHTMVDHEPJAVLT-UHFFFAOYSA-N,C(CC(C)C)(C)(C)C,114.2302
NIHNNTQXNPWCJQ-UHFFFAOYSA-N,c12c3c(cccc3)Cc1cccc2,166.222
NIPDVSLAMPAWTP-UHFFFAOYSA-N,O=[N+]([O-])c1cc(N)c(OC)cc1,168.1518
NKDDWNXOKDWJAK-UHFFFAOYSA-N,O(COC)C,76.095
NKPDCGFEJUINIK-UHFFFAOYSA-N,S(=O)(=O)(N)c1occ(S(=O)(=O)c2ccc(O)cc2)c1,303.3042
NMWSKOLWZZWHPL-UHFFFAOYSA-N,Clc1cc(c2ccccc2)ccc1,188.6561
NOOBQTYVTDBXTL-UHFFFAOYSA-N,S(=O)(=O)(N)c1sc2c(n1)ccc(O)c2,230.256
NOQGZXFMHARMLW-UHFFFAOYSA-N,O=C(O)CCC(=O)NN(C)C,160.1724
NPPQSCRMBWNHMW-UHFFFAOYSA-N,O=C(OCC(COC(=O)N)(CCC)C)N,218.2522
NPUKDXXFDDZOKR-UHFFFAOYSA-N,O=C(OCC)c1n(C(C)c2ccccc2)cnc1,244.2926
NQDJXKOVJZTUJA-UHFFFAOYSA-N,O=c1[nH]c2c(C)ccnc2n(C2CC2)c2ncccc12,266.3018
NQRLPDFELNCFHW-UHFFFAOYSA-N,O=[N+]([O-])c1ccc(NC(=O)C)cc1,180.1628
NQRYJNQNLNOLGT-UHFFFAOYSA-N,N1CCCCC1,85.1486
NRGGMCIBEHEAIL-UHFFFAOYSA-N,C(C)c1ncccc1,107.1548
NRXQIUSYPAHGNM-UHFFFAOYSA-N,Ic1c(O)c(I)cc(C#N)c1,370.9158
NSMWYRLQHIXVAP-UHFFFAOYSA-N,CC1NCC(C)NC1,114.19
NTBYINQTYWZXLH-UHFFFAOYSA-N,Clc1c(Cl)ccc([N+](=O)[O-])c1,192.0012
NURQLCJSMXZBPC-UHFFFAOYSA-N,Cc1c(C)ccnc1,107.1548
NVKAWKQGWWIWPM-UHFFFAOYSA-N,O=C1CC2C(C)(C3C(C4C(C)(C(O)CC4)CC3)CC2)CC1,290.4448
NXBNYUSXDBHELA-UHFFFAOYSA-N,O=C(C=Cc1ccc(OC)cc1)c1c(O)cccc1,254.2848
NXFQHRVNIOXGAQ-YCRREMRBSA-N,O=[N+]([O-])c1oc(/C=N/N2C(=O)NC(=O)C2)cc1,238.1592
NXQDBZGWYSEGFL-UHFFFAOYSA-N,Clc1ccc(N(C(=O)CSP(=S)(OC)OC)C(C)C)cc1,367.8448
NYHAZDHVIPVSDM-UHFFFAOYSA-N,ON=C1C(=NO)CCC(C(C)C)C1,184.2376
NYQDCVLCJXRDSK-UHFFFAOYSA-N,Brc1c(Cl)cc(OP(=S)(OC)OC)c(Cl)c1,365.9932
NZDAAPUTURAWII-UHFFFAOYSA-N,O=C(NC(=O)C)COC(=O)c1ccccc1,221.2122
NZNPHIKNHGRVLZ-UHFFFAOYSA-N,O=C(NC(C)(C)C)COC(=O)c1ccccc1,235.2822
OBKHYUIZSOIEPG-UHFFFAOYSA-N,CC1(C)CC(C)CC1,112.2144
OBMLHUPNRURLOK-UHFFFAOYSA-N,OC1C2(C)C(C3C(C4(C)C(CC5SC5C4)CC3)CC2)CC1,306.5054
ODCWYMIRDDJXKW-UHFFFAOYSA-N,Clc1nc(NCC)nc(NCC)n1,201.6583
OFDYMSKSGFSLLM-UHFFFAOYSA-N,FC(F)(F)c1c(N)c([N+](=O)[O-])c(N(CC)CC)c([N+](=O)[O-])c1,322.2433
OGBQILNBLMPPDP-UHFFFAOYSA-N,Clc1c(Cl)c2oc3c(c2cc1Cl)cc(Cl)c(Cl)c3,340.4201
OGDVEMNWJVYAJL-UHFFFAOYSA-N,O(CC)c1c2OC3C(O)C=CC4C53c2c(cc1)CC4N(C)CC5,313.3956
OGHNVEJMJSYVRP-UHFFFAOYSA-N,O(CCNCC(O)COc1c2c([nH]c3c2cccc3)ccc1)c1c(OC)cccc1,406.4804
OGJPXUAPXNRGGI-UHFFFAOYSA-N,Fc1c(N2CCNCC2)cc2n(CC)cc(C(=O)O)c(=O)c2c1,319.3349
OISVCGZHLKNMSJ-UHFFFAOYSA-N,Cc1nc(C)ccc1,107.1548
OJPDDQSCZGTACX-UHFFFAOYSA-N,OCCN(CCO)c1ccccc1,181.234
OJXOXNIZNJIMLU-UHFFFAOYSA-N,S(=O)(=O)(N)c1scc(C(=O)c2ccc(O)cc2)c1,283.3164
OKKJLVBELUTLKV-UHFFFAOYSA-N,OC,32.042
OKQHSIGMOWQUIK-UHFFFAOYSA-N,O(CCO)Cn1c2nc(N)ncc2nc1,209.2072
OKXVARYIKDXAEO-UHFFFAOYSA-N,OC(C(C)(C)C)(C)C,116.2028
ONKUXPIBXRRIDU-UHFFFAOYSA-N,O=C(OCC)CCCCCCCCC(=O)OCC,258.357
ONUFESLQCSAYKA-UHFFFAOYSA-N,Clc1cc(Cl)cc(N2C(=O)N(C(=O)NC(C)C)CC2=O)c1,330.17
ONXPZLFXDMAPRO-UHFFFAOYSA-N,Clc1c(Cl)c(Cl)c(c(Cl)c1Cl)c1c(Cl)c(Cl)c(Cl)c(Cl)c1Cl,498.662
OPNPQXLQERQBBV-UHFFFAOYSA-N,BrC(C(=O)NC(=O)N)(CC)CC,237.0959
OQANPHBRHBJGNZ-BKUYFWCQSA-N,S(=O)(=O)(Nc1ncccc1)c1ccc(N/N=C/2\C=C(C(=O)O)C(=O)C=C2)cc1,398.3924
OQEBBZSWEGYTPG-UHFFFAOYSA-N,O=C(O)CC(N)C,103.1206
OQZCSNDVOWYALR-UHFFFAOYSA-N,ClCC1C(Cl)C(=O)N(c2cc(C(F)(F)F)ccc2)C1,312.1183
ORNBQBCIOKFOEO-UHFFFAOYSA-N,O=C(C)C1C2(C)C(C3C(C4(C)C(=CC3)CC(O)CC4)CC2)CC1,316.4826
OSSQSXOTMIGBCF-UHFFFAOYSA-N,C(#C)CCCCCCC,124.2254
OTKXWJHPGBRXCR-UHFFFAOYSA-N,Clc1c(OP(=S)(OC)OC)ccc([N+](=O)[O-])c1,297.6496
OTLNPYWUJOZPPA-UHFFFAOYSA-N,O=[N+]([O-])c1ccc(C(=O)O)cc1,167.1208
OTQFXRBLGNEOGH-UHFFFAOYSA-N,Clc1c2Oc3c(c(Cl)cc(Cl)c3)Oc2cc(Cl)c1,321.9744
OTVAEFIXJLOWRX-UHFFFAOYSA-N,ClC(Cl)C(=O)NC(C(O)c1ccc(S(=O)(=O)C)cc1)CO,356.2202
OUDSBRTVNLOZBN-UHFFFAOYSA-N,S(=O)(=O)(NC(=O)NN1CCCCCC1)c1ccc(C)cc1,311.3982
OWWVHQUOYSPNNE-UHFFFAOYSA-N,O=C(OCCN(CC)CC)c1ccc(OCC)cc1,265.3516
OWZPCEFYPSAJFR-UHFFFAOYSA-N,O=[N+]([O-])c1c(O)c(C(CC)C)cc([N+](=O)[O-])c1,240.2152
OXNIZHLAWKMVMX-UHFFFAOYSA-N,O=[N+]([O-])c1c(O)c([N+](=O)[O-])cc([N+](=O)[O-])c1,229.1056
OXQGTIUCKGYOAA-UHFFFAOYSA-N,O=C(O)C(CC)CC,116.1596
OZWKMVRBQXNZKK-UHFFFAOYSA-N,O=C(c1n2c(C(C(=O)O)CC2)cc1)c1ccccc1,255.2726
PAMIQIKDUOTOBW-UHFFFAOYSA-N,CN1CCCCC1,99.1754
PAYRUJLWNCNPSJ-UHFFFAOYSA-N,Nc1ccccc1,93.128
PBAYDYUZOSNJGU-UHFFFAOYSA-N,O=C(O)c1oc(C(=O)O)cc(=O)c1,184.105
PBBGSZCBWVPOOL-UHFFFAOYSA-N,Oc1ccc(C(C(CC)c2ccc(O)cc2)CC)cc1,270.3706
PBMFSQRYOILNGV-UHFFFAOYSA-N,n1ncccc1,80.089
PDQAZBWRQCGBEV-UHFFFAOYSA-N,S=C1NCCN1,102.1538
PDRGHUMCVRDZLQ-UHFFFAOYSA-N,O=C1C2(C)C(c3c(c4c(cc(O)cc4)cc3)CC2)CC1,266.339
PEDCQBHIVMGVHV-UHFFFAOYSA-N,OC(CO)CO,92.0944
PEQHIRFAKIASBK-UHFFFAOYSA-N,C(c1ccccc1)(c1ccccc1)(c1ccccc1)c1ccccc1,320.433
PFIADAMVCJPXSF-UHFFFAOYSA-N,Clc1c(OC)cc(Cl)c(OC)c1,207.056
PHEOVVDXTQVHAZ-UHFFFAOYSA-N,O=C(OCC(=O)C1(O)C2(C)C(C3C(C4(C)C(=CC(=O)C=C4)CC3)C(O)C2)CC1)C(C)(C)C,444.5668
PHTQWCKDNZKARW-UHFFFAOYSA-N,OCCC(C)C,88.1492
PJANXHGTPQOBST-VAWYXSNFSA-N,C(=C\c1ccccc1)/c1ccccc1,180.2488
PJGSXYOJTGTZAV-UHFFFAOYSA-N,O=C(C(C)(C)C)C,100.1602
PKOFBDHYTMYVGJ-UHFFFAOYSA-N,S(=O)(=O)(N)c1ccc(NC(=O)C)cc1,214.2386
PLAZTCDQAHEYBI-UHFFFAOYSA-N,O=[N+]([O-])c1c(C)cccc1,137.1378
PNVJTZOFSHSLTO-UHFFFAOYSA-N,S=P(OC)(OC)Oc1cc(C)c(SC)cc1,278.3205
POAOYUHQDCAZBD-UHFFFAOYSA-N,O(CCO)CCCC,118.1754
POULHZVOKOAJMA-UHFFFAOYSA-N,O=C(O)CCCCCCCCCCC,200.3204
POZRVZJJTULAOH-UHFFFAOYSA-N,OC1(C#C)C2(C)C(C3C(C4(C)C(=Cc5oncc5C4)CC3)CC2)CC1,337.4608
PPQNQXQZIWHJRB-UHFFFAOYSA-N,Cc1c2c3c(cc4c5c(ccc4c3CC2)cccc5)cc1,268.3574
PQSUYGKTWSAVDQ-ZVIOFETBSA-N,O=C(CO)[C@@H]1[C@]2(C=O)[C@H]([C@H]3[C@H]([C@@H](O)C2)[C@]2(C)C(=CC(=O)CC2)CC3)CC1,360.4492
PRLMFHYBTOQSLN-UHFFFAOYSA-N,S(C)c1nc(N(C)C)nc(N(C)C)n1,213.3
PTFJIKYUEPWBMS-UHFFFAOYSA-N,FC(F)(F)c1cc([N+](=O)[O-])c(N(CC(=C)C)CC)c([N+](=O)[O-])c1,333.2665
PUFQVTATUTYEAL-UHFFFAOYSA-N,O=C(NCCN(CC)CC)c1c2c(nc(OCCCC)c1)cccc2,343.468
PUIYMUZLKQOUOZ-UHFFFAOYSA-N,O=C(N(C)C)Nc1ccc(C(C)C)cc1,206.287
PUJDIJCNWFYVJX-UHFFFAOYSA-N,O=C(OCc1ccccc1)N,151.1646
PUXBGTOOZJQSKH-UHFFFAOYSA-N,Clc1cc2c([nH]c3c2ccc(C(C(=O)O)C)c3)cc1,273.7183
PWATWSYOIIXYMA-UHFFFAOYSA-N,C(CCc1ccccc1)CC,148.2474
PWNAWOCHVWERAR-UHFFFAOYSA-N,Clc1c(CN(CC)c2c([N+](=O)[O-])cc(C(F)(F)F)cc2[N+](=O)[O-])c(F)ccc1,421.7351
PXWLVJLKJGVOKE-UHFFFAOYSA-N,O=c1n(n(C)c(C)c1C(C)C)c1ccccc1,230.309
PXWUKZGIHQRDHL-UHFFFAOYSA-N,O(C)c1nc(NC(C)C)nc(NCC)n1,211.2662
PYGXAGIECVVIOZ-UHFFFAOYSA-N,O=C(OCCCC)CCCCCCCCC(=O)OCCCC,314.4642
QANMHLXAZMSUEX-UHFFFAOYSA-N,N(Cc1occc1)c1ncnc2[nH]cnc12,215.214
QAYICIQNSGETAS-UHFFFAOYSA-N,S=C1N(C)CN(C)CS1,162.2674
QBSJMKIUCUGGNG-UHFFFAOYSA-N,O=C(Oc1c(C(C)C)cccc1)NC,193.245
QBYJBZPUGVGKQQ-SJJAEHHWSA-N,ClC1(Cl)[C@]2(Cl)C(=C(Cl)[C@@]1(Cl)[C@@H]1[C@H]2[C@H]2C=C[C@@H]1C2)Cl,364.9132
QCDWFXQBSFUVSP-UHFFFAOYSA-N,O(CCO)c1ccccc1,138.1658
QCKHVNQHBOGZER-UHFFFAOYSA-N,Brc1c(Br)cc(Br)c(Br)c1,393.6978
QCRFMSUKWRQZEM-UHFFFAOYSA-N,OC1CCCCCC1,114.187
QFMDFTQOJHFVNR-UHFFFAOYSA-N,ClC(Cl)C(c1ccc(CC)cc1)c1ccc(CC)cc1,307.262
QGBSISYHAICWAH-UHFFFAOYSA-N,N#CN=C(N)N,84.0804
QHTQREMOGMZHJV-UHFFFAOYSA-N,Clc1ccc(CSC(=O)N(CC)CC)cc1,257.7775
QHXDTLYEHWXDSO-UHFFFAOYSA-N,Clc1nc(N(CC)CC)nc(N(CC)CC)n1,257.7655
QIBWCUCLHZVYNL-UHFFFAOYSA-N,O=c1n(C)c2c(n(CC)c3ncccc13)cccc2,253.303
QIGBRXMKCJKVMJ-UHFFFAOYSA-N,Oc1ccc(O)cc1,110.1122
QIQXTHQIDYTFRH-UHFFFAOYSA-N,O=C(O)CCCCCCCCCCCCCCCCC,284.4812
QKLSCPPJEVXONT-UHFFFAOYSA-N,S(=O)(=O)(Nc1nc(C)nc(OC)c1)c1ccc(N)cc1,294.3276
QNAYBMKLOCPYGJ-UHFFFAOYSA-N,O=C(O)C(N)C,89.0938
QNIUOGIMJWORNZ-UHFFFAOYSA-N,O=C(OCCN(CC)CC)c1ccc(OCCCC)cc1,293.4052
QPPBRPIAZZHUNT-UHFFFAOYSA-N,S(=O)(=O)(Nc1nc(C)ccn1)c1ccc(N)cc1,264.3014
QQBKLRXLVRDKEB-UHFFFAOYSA-N,O=C1N(CO)C(=O)NC1(c1ccccc1)c1ccccc1,282.2982
QQODLKZGRKWIFG-UHFFFAOYSA-N,ClC(=CC1C(C)(C)C1C(=O)OC(C#N)c1cc(Oc2ccccc2)c(F)cc1)Cl,434.2935
QRXWMOHMRWLFEY-UHFFFAOYSA-N,O=C(NN)c1ccncc1,137.1408
QSNYNWOQOIJCFV-UHFFFAOYSA-N,Fc1c(N2CC(NC)C2)c(F)cc2c(=O)c(C(=O)O)cn(C3CC3)c12,349.3364
QTBSBXVTEAMEQO-UHFFFAOYSA-N,O=C(O)C,60.0524
QTSBFJRVBUIZJC-UHFFFAOYSA-N,Ic1cc(Nc2ncnc3c2cc2OC(COC)COc2c3)ccc1,449.2472
QUBSMEXIPLOOMC-UHFFFAOYSA-N,S(=O)(=O)(N)c1sc2SCCC(O)c2c1,251.333
QUEKGYQTRJVEQC-UHFFFAOYSA-N,Clc1c(C(=O)O)cc([N+](=O)[O-])cc1,201.5659
QUIKDFWIKDMXIO-UHFFFAOYSA-N,O=C(COC(=O)c1ccccc1)N1C(C(=O)N)CCC1,276.2914
QUWAJPZDCZDTJS-UHFFFAOYSA-N,S(=O)(=O)(c1c(O)cccc1)c1c(O)cccc1,250.2686
QVHJQCGUWFKTSE-YFKPBYRVSA-N,O=C(OC(C)(C)C)N[C@H](C(=O)O)C,189.2108
QWCJHSGMANYXCW-UHFFFAOYSA-N,S(=O)(=O)(Nc1n(c2ccccc2)ncc1)c1ccc(N)cc1,314.3612
QWCKQJZIFLGMSD-UHFFFAOYSA-N,O=C(O)C(N)CC,103.1206
QWUWMCYKGHVNAV-UHFFFAOYSA-N,C(Cc1ccccc1)c1ccccc1,182.2646
QWVGKYWNOKOFNN-UHFFFAOYSA-N,Oc1c(C)cccc1,108.1396
QXBUYALKJGBACG-UHFFFAOYSA-N,CN1c2c(Sc3c1cccc3)cccc2,213.2966
QXJKBPAVAHBARF-UHFFFAOYSA-N,Clc1cc(Cl)cc(N2C(=O)C3(C)C(C)(C2=O)C3)c1,284.1414
QXKHYNVANLEOEG-UHFFFAOYSA-N,O(C)c1c2occc2cc2c1oc(=O)cc2,216.1928
QYPNKSZPJQQLRK-UHFFFAOYSA-N,O=C(N(NC(=O)c1ccc(CC)cc1)C(C)(C)C)c1cc(C)cc(C)c1,352.4754
RDJGWRFTDZZXSM-UHFFFAOYSA-N,O(Cc1ccccc1)c1c2OC3C(O)C=CC4C53c2c(cc1)CC4N(C)CC5,375.4664
RDLPVSKMFDYCOR-UEKVPHQBSA-N,O=C(N[C@@H]1C(=O)N2C(=C(C)CS[C@H]12)C(=O)O)[C@H](N)C1=CCC=CC1,349.4038
RDXLYGJSWZYTFJ-UHFFFAOYSA-N,O=[N+]([O-])c1sc(N2C(=O)NCC2)nc1,214.1984
REIUXOLGHVXAEO-UHFFFAOYSA-N,OCCCCCCCCCCCCCCC,228.4172
REKQLYUAUXYJSZ-UHFFFAOYSA-N,O=C(NN)c1ccc(OC)cc1,166.1792
RFDAIACWWDREDC-UHFFFAOYSA-N,O=C(O)CNC(=O)CCC(C)C1C2(C)C(O)CC3C4(C)C(CC(O)C3C2CC1)CC(O)CC4,465.6288
RFMMMVDNIPUKGG-UHFFFAOYSA-N,O=C(O)C(NC(=O)C)CCC(=O)O,189.1676
RGCVKNLCSQQDEP-UHFFFAOYSA-N,Clc1cc2N(CCCN3CCN(CCO)CC3)c3c(Sc2cc1)cccc3,403.9689
RGXWDWUGBIJHDO-UHFFFAOYSA-N,O=C(OCC)CCCCCCCCC,200.3204
RHIROFAGUQOFLU-UHFFFAOYSA-N,Clc1c(Cl)c(Cl)c2c(c1Cl)oc1c(Cl)c(Cl)c(Cl)c(Cl)c21,443.7554
RIGBPMDIGYBTBJ-UHFFFAOYSA-N,S(=O)(=O)(NC(=O)NC1CCCCC1)c1ccc(C)cc1,296.3836
RIZMRRKBZQXFOY-UHFFFAOYSA-N,S=P(SCSP(=S)(OCC)OCC)(OCC)OCC,384.4579
RJKGJBPXVHTNJL-UHFFFAOYSA-N,O=[N+]([O-])c1c2c(ccc1)cccc2,173.1708
RJMIEHBSYVWVIN-UHFFFAOYSA-N,O=C(O)C(C)c1ccc(N2C(=O)c3c(cccc3)C2)cc1,281.3104
RJMUSRYZPJIFPJ-UHFFFAOYSA-N,Clc1c(NC(=O)c2c(O)ccc(Cl)c2)ccc([N+](=O)[O-])c1,327.1232
RJNJWHFSKNJCTB-UHFFFAOYSA-N,O=C(NCc1ccccc1)N,150.1798
RJTJVVYSTUQWNI-UHFFFAOYSA-N,C(C)c1cc2c(cc1)cccc2,156.2268
RJUFJBKOKNCXHH-UHFFFAOYSA-N,O=C(OC)CC,88.106
RKUNBYITZUJHSG-LGGPCSOHSA-N,O=C(OC1CC2N(C)C(C1)CC2)[C@H](CO)c1ccccc1,289.3736
RKWGIWYCVPQPMF-UHFFFAOYSA-N,Clc1ccc(S(=O)(=O)NC(=O)NCCC)cc1,276.7373
RLBIQVVOMOPOHC-UHFFFAOYSA-N,S=P(OC)(OC)Oc1ccc([N+](=O)[O-])cc1,263.2045
RLFWWDJHLFCNIJ-UHFFFAOYSA-N,O=c1n(n(C)c(C)c1N)c1ccccc1,203.2432
RLLPVAHGXHCWKJ-UHFFFAOYSA-N,ClC(=CC1C(C)(C)C1C(=O)OCc1cc(Oc2ccccc2)ccc1)Cl,391.2932
RLPGDEORIPLBNF-UHFFFAOYSA-N,C(C(C)C)(C(C)C)C,114.2302
RLSSMJSEOOYNOY-UHFFFAOYSA-N,Oc1cc(C)ccc1,108.1396
RMBFBMJGBANMMK-UHFFFAOYSA-N,O=[N+]([O-])c1c(C)ccc([N+](=O)[O-])c1,182.1354
RMOUBSOVHSONPZ-UHFFFAOYSA-N,O=COC(C)C,88.106
RNFNDJAIBTYOQL-UHFFFAOYSA-N,ClC(Cl)(Cl)C(O)O,165.4035
RNVCVTLRINQCPJ-UHFFFAOYSA-N,Nc1c(C)cccc1,107.1548
RNWGZXAHUPFXLL-UHFFFAOYSA-N,O=[N+]([O-])c1cc2C(=O)OCc2cc1,179.1318
RPUMZMSNLZHIGZ-UHFFFAOYSA-N,Clc1c(Cl)c(c2c(Cl)cc(Cl)c(Cl)c2)ccc1Cl,360.8816
RQVYBGPQFYCBGX-UHFFFAOYSA-N,S(C)c1nc(NC(C)C)nc(NCC)n1,227.3268
RQZAXGRLVPAYTJ-UHFFFAOYSA-N,O=C(OC1(C(=O)C)C2(C)C(C3C=C(C)C4=CC(=O)CCC4(C)C3CC2)CC1)C,384.5144
RRNIZKPFKNDSRS-UHFFFAOYSA-N,S(=O)(=O)(NCCSP(=S)(OC(C)C)OC(C)C)c1ccccc1,397.5017
RSDMFNVRFBIYRK-UHFFFAOYSA-N,O=C(COC(=O)c1ccccc1)N1CCC1,219.2396
RTHCYVBBDHJXIQ-UHFFFAOYSA-N,FC(F)(F)c1ccc(OC(CCNC)c2ccccc2)cc1,309.3305
RTZKZFJDLAIYFH-UHFFFAOYSA-N,O(CC)CC,74.1224
RTZZCYNQPHTPPL-UHFFFAOYSA-N,O=[N+]([O-])c1cc(O)ccc1,139.1104
RVCTZJVBWNFYRU-UHFFFAOYSA-N,Brc1c([N+](=O)[O-])cc(C(=O)O)cc1,246.0169
RWLALWYNXFYRGW-UHFFFAOYSA-N,OC(C(CO)CC)CCC,146.229
RWNKSTSCBHKHTB-UHFFFAOYSA-N,ClC(=C(Cl)C(=C(Cl)Cl)Cl)Cl,260.762
RWRDLPDLKQPQOW-UHFFFAOYSA-N,N1CCCC1,71.1218
RXKNNAKAVAHBNK-UHFFFAOYSA-N,O=[N+]([O-])c1cc[n+]([O-])cc1,140.0982
RXQCEGOUSFBKPI-UHFFFAOYSA-N,O=[N+]([O-])c1cc(N)c(OCCC)cc1,196.2054
RZFZBHKDGHISSH-UHFFFAOYSA-N,Clc1c(c(Cl)cc(Cl)c1)c1ccc(Cl)cc1,291.9914
RZILCCPWPBTYDO-UHFFFAOYSA-N,FC(F)(F)c1cc(NC(=O)N(C)C)ccc1,232.2049
RZTAMFZIAATZDJ-UHFFFAOYSA-N,Clc1c(Cl)cccc1C1C(=C(C)NC(=C1C(=O)OC)C)C(=O)OCC,384.2584
RZVHIXYEVGDQDX-UHFFFAOYSA-N,O=C1c2c(C(=O)c3c1cccc3)cccc2,208.216
SAOKZLXYCUGLFA-UHFFFAOYSA-N,O=C(OCC(CCCC)CC)CCCCC(=O)OCC(CCCC)CC,370.5714
SBPBAQFWLVIOKP-UHFFFAOYSA-N,Clc1c(Cl)cc(Cl)c(OP(=S)(OCC)OCC)n1,350.5836
SBYAVOHNDJTVPA-UHFFFAOYSA-N,O=C(NCC(C)C)N1C(=O)NCC1,185.2254
SBZXBUIDTXKZTM-UHFFFAOYSA-N,O(CCOC)CCOC,134.1748
SDDBCEWUYXVGCQ-UHFFFAOYSA-N,Cc1c2c(c(C)ccc2)ccc1,156.2268
SDKQRNRRDYRQKY-UHFFFAOYSA-N,O=C(Oc1c(C2OCCO2)cccc1)NC,223.228
SDOJHDGZFOGOFD-UHFFFAOYSA-N,Cc1c(C)c2c(c3c1c1c(cc3)cccc1)cccc2,256.3464
SECXISVLQFMRJM-UHFFFAOYSA-N,O=C1N(C)CCC1,99.1322
SGEJQUSYQTVSIU-UHFFFAOYSA-N,S(C(=O)N(CCCC)CC)CCC,203.342
SGMHGVVTMOGJMX-UHFFFAOYSA-N,SCC(=O)Nc1cc2c(cc1)cccc2,217.285
SGUAFYQXFOLMHL-UHFFFAOYSA-N,O=C(N)c1c(O)ccc(C(O)CNC(CCc2ccccc2)C)c1,328.4102
SJNIEBAPMPLYAB-UHFFFAOYSA-N,Clc1c(=O)oc2c(c1C)cc(OP(=S)(OCC)OCC)cc2,362.7642
SJRJJKPEHAURKC-UHFFFAOYSA-N,CN1CCOCC1,101.148
SKGXYFVQZVPEFP-UHFFFAOYSA-N,Clc1c(Cl)c2Oc3c(Oc2cc1Cl)cc(Cl)cc3,321.9744
SKIVFJLNDNKQPD-UHFFFAOYSA-N,S(=O)(=O)(NC(=O)C)c1ccc(N)cc1,214.2386
SKKTUOZKZKCGTB-UHFFFAOYSA-N,O=C(OCCCC)N,117.1474
SLAMLWHELXOEJZ-UHFFFAOYSA-N,O=[N+]([O-])c1c(C(=O)O)cccc1,167.1208
SLGBZMMZGDRARJ-UHFFFAOYSA-N,c12c(c3c(c4c1cccc4)cccc3)cccc2,228.2928
SLXKOJJOQWFEFD-UHFFFAOYSA-N,O=C(O)CCCCCN,131.1742
SLZWBCGZQRRUNG-UHFFFAOYSA-N,O=C(Oc1cc(C(C)(C)C)cc(C(C)(C)C)c1)NC,263.379
SMDHCQAYESWHAE-UHFFFAOYSA-N,FC(F)(F)c1cc([N+](=O)[O-])c(N(CCCC)CC)c([N+](=O)[O-])c1,335.2823
SMQUZDBALVYZAC-UHFFFAOYSA-N,O=Cc1c(O)cccc1,122.1232
SNHRLVCMMWUAJD-SUYDQAKGSA-N,F[C@]12[C@@H](O)C[C@]3(C)[C@@](OC(=O)CCCC)(C(=O)CO)[C@@H](C)C[C@H]3[C@@H]1CCC1=CC(=O)C=C[C@]21C,476.5841
SNHRLVCMMWUAJD-UHFFFAOYSA-N,FC12C3(C)C(=CC(=O)C=C3)CCC1C1C(C)(C(OC(=O)CCCC)(C(=O)CO)C(C)C1)CC2O,476.5841
SNICXCGAKADSCV-UHFFFAOYSA-N,CN1C(c2cnccc2)CCC1,162.234
SNIOPGDIGTZGOP-UHFFFAOYSA-N,O=[N+](OC(CO[N+](=O)[O-])CO[N+](=O)[O-])[O-],227.0872
SNWQKAWITMVCQW-UHFFFAOYSA-N,S(=O)(=O)(NC(=O)C)c1ccc(NC(=O)c2c(C(=O)O)cccc2)cc1,362.3564
SONNWYBIRXJNDC-VIFPVBQESA-N,O[C@@H](CNC)c1cc(O)ccc1,167.2072
SPANOECCGNXGNR-UHFFFAOYSA-N,ClC(=CCl)CSC(=O)N(C(C)C)C(C)C,270.2164
SPFYMRJSYKOXGV-UHFFFAOYSA-N,Fc1c(N2CCN(CC)CC2)cc2n(C3CC3)cc(C(=O)O)c(=O)c2c1,359.3995
SPSSULHKWOKEEL-UHFFFAOYSA-N,O=[N+]([O-])c1c(C)c([N+](=O)[O-])cc([N+](=O)[O-])c1,227.133
SSLKKMZJCJBOML-UHFFFAOYSA-N,Clc1nnc(SCC(=O)N(CC)CC)cc1,259.7531
STCOOQWBFONSKY-UHFFFAOYSA-N,P(=O)(OCCCC)(OCCCC)OCCCC,266.3167
SUSRORUBZHMPCO-UHFFFAOYSA-N,Clc1c(Oc2cc(C(=O)OC)c([N+](=O)[O-])cc2)ccc(Cl)c1,342.1348
SVFKQHLOBRUZGV-UHFFFAOYSA-N,O=c1n(C)c2c(n(CC)c3ncccc13)nccc2,254.2908
SYBYTAAJFKOIEJ-UHFFFAOYSA-N,O=C(C(C)C)C,86.1334
SZYWFOPNFNROQB-UHFFFAOYSA-N,Clc1c(Cl)cc(Cl)c2nsnc12,239.5063
TUNFSRHWOTWDNC-UHFFFAOYSA-N,O=C(O)CCCCCCCCCCCCC,228.374
TVMXDCGIABBOFY-UHFFFAOYSA-N,C(CCCC)CCC,114.2302
TXCDCPKCNAJMEE-UHFFFAOYSA-N,o1c2c(c3c1cccc3)cccc2,168.1946
TXVHTIQJNYSSKO-UHFFFAOYSA-N,c12c3c4c5c(c1cccc2ccc3ccc4)cccc5,252.3148
TYHHDWAHJRRYCU-UHFFFAOYSA-N,O=[N+]([O-])c1c(OCC(=O)O)cccc1,197.147
TYMLOMAKGOJONV-UHFFFAOYSA-N,O=[N+]([O-])c1ccc(N)cc1,138.1256
TZFWDZFKRBELIQ-UHFFFAOYSA-N,Clc1cc2[nH]c(=O)oc2cc1,169.5671
TZIHFWKZFHZASV-UHFFFAOYSA-N,O=COC,60.0524
TZYQTWHRLVDYPL-UHFFFAOYSA-N,O=C1N=CN=CC1,96.0884
UAYYWDWWESZIPA-UHFFFAOYSA-N,Fc1c(N2CC(N)(C)C2)cc2n(C3CC3)cc(C(=O)O)c(=O)c2c1,331.3459
UBUCNCOMADRQHX-UHFFFAOYSA-N,O=NN(c1ccccc1)c1ccccc1,198.2238
UCIUVGVKELKZSD-UHFFFAOYSA-N,O=C(N(CCO)CCO)COC(=O)c1ccccc1,267.281
UCMIRNVEIXFBKS-UHFFFAOYSA-N,O=C(O)CCN,89.0938
UCNVFOCBFJOQAL-UHFFFAOYSA-N,ClC(=C(c1ccc(Cl)cc1)c1ccc(Cl)cc1)Cl,318.0292
UCTWMZQNUQWSLP-UHFFFAOYSA-N,OC(CNC)c1cc(O)c(O)cc1,183.2066
UDUNORRTIFRHKX-UHFFFAOYSA-N,ClC1=C(NC2C=C(CC(=O)OCC(=O)NC(C(=O)OC)C(C)C)C=CC=C2)C(Cl)C=CC=C1,495.4016
UEJJHQNACJXSKW-UHFFFAOYSA-N,O=C1C(N2C(=O)c3c(C2=O)cccc3)CCC(=O)N1,258.233
UFNIBRDIUNVOMX-UHFFFAOYSA-N,Clc1c(c2ccc(Cl)cc2)cccc1,223.1012
UFQCLRMJHOWNLX-UHFFFAOYSA-N,Brc1cc(Nc2ncnc3c2cc2OC(COC)COc2c3)ccc1,402.2467
UGQVTTBSGZLNIL-UHFFFAOYSA-N,S(=O)(=O)(N)c1sc2C(O)CCSc2c1,251.333
UJOBWOGCFQCDNV-UHFFFAOYSA-N,[nH]1c2c(c3c1cccc3)cccc2,167.2098
ULBXWWGWDPVHAO-UHFFFAOYSA-N,Clc1cc(NC(=O)OC(C#C)C)ccc1,223.6585
ULSIYEODSMZIPX-UHFFFAOYSA-N,OC(CN)c1ccccc1,137.181
UMGDCJDMYOKAJW-UHFFFAOYSA-N,S=C(N)N,76.116
UMIPWJGWASORKV-UHFFFAOYSA-N,C(#C)CCCCCC,110.1986
UNAHYJYOSSSJHH-UHFFFAOYSA-N,S(=O)(=O)(N)c1cc([N+](=O)[O-])c(N(CCC)CCC)c([N+](=O)[O-])c1,346.3574
UNXHWFMMPAWVPI-UHFFFAOYSA-N,OC(C(O)CO)CO,122.1206
UOAMTSKGCBMZTC-UHFFFAOYSA-N,ClC(Cl)(Cl)C(O)(c1ccc(Cl)cc1)c1ccc(Cl)cc1,370.4895
UPMXNNIRAGDFEH-UHFFFAOYSA-N,Brc1c(O)c(Br)cc(C#N)c1,276.9148
UPTOWXNJLZJTGD-UHFFFAOYSA-N,O=[N+]([O-])c1c(OC)ccc(OC)c1,183.1634
UQDUPQYQJKYHQI-UHFFFAOYSA-N,O=C(OC)CCCCCCCCCCC,214.3472
UQIKOYWGLUXMNE-UHFFFAOYSA-N,O=C(COC(=O)c1ccccc1)N1C(C(=O)OC)CCC1,291.303
URAYPUMNDPQOKB-UHFFFAOYSA-N,O=C(OC(COC(=O)C)COC(=O)C)C,218.206
UREBDLICKHMUKA-DVTGEIKXSA-N,F[C@]12[C@@H](O)C[C@]3(C)[C@@](O)(C(=O)CO)[C@@H](C)C[C@H]3[C@@H]1CCC1=CC(=O)C=C[C@]21C,392.4665
UVKZSORBKUEBAZ-UHFFFAOYSA-N,C(N1CCN(C)CC1)(c1ccccc1)c1ccccc1,266.3852
UVTNFZQICZKOEM-UHFFFAOYSA-N,O=C(N)C(CCN(C(C)C)C(C)C)(c1ncccc1)c1ccccc1,339.4796
UYXAWHWODHRRMR-UHFFFAOYSA-N,O=C1N(C)C(=O)NC(=O)C1(C)C1=CCCCC1,236.27
VAOCPAMSLUNLGC-UHFFFAOYSA-N,O=[N+]([O-])c1n(CCO)c(C)nc1,171.1554
VDAMAZDKFJYVCT-UHFFFAOYSA-N,S(=O)(=O)(N)c1scc(S(=O)(=O)c2ccc(OC)cc2)c1,333.3916
VDTNNGKXZGSZIP-UHFFFAOYSA-N,S(=O)(=O)(NC(=O)NCCCC)c1ccc(N)cc1,271.3336
VGGSQFUCUMXWEO-UHFFFAOYSA-N,C=C,28.0536
VGPYEHKOIGNJKV-UHFFFAOYSA-N,S(=O)(=O)(NC(=O)OC)c1ccc(N)cc1,230.238
VGQLNJWOULYVFV-UHFFFAOYSA-N,O=C(OC)C1C(C(=O)OC)C2C=CC1C2,210.2292
VGVIKVCCUATMNG-UHFFFAOYSA-N,Clc1c(Cl)cc(c(Cl)c1)c1ccccc1,257.5463
VGZSUPCWNCWDAN-UHFFFAOYSA-N,S(=O)(=O)(NC(=O)NC1CCCCC1)c1ccc(C(=O)C)cc1,324.394
VHZXNQKVFDBFIK-NBBHSKLNSA-N,F[C@H]1C(=O)[C@]2(C)[C@H]([C@H]3[C@@H]([C@]4(C)C(=CC3)CCCC4)CC2)C1,290.4201
VIKNJXKGJWUCNN-XGXHKTLJSA-N,O=C1C=C2[C@@H]([C@@H]3[C@H]([C@H]4[C@@](C)([C@](O)(C#C)CC4)CC3)CC2)CC1,298.4242
VKNITLPENCJQOP-UHFFFAOYSA-N,Clc1c(Cl)c(Cl)cc(OC)c1OC,241.5011
VLKZOEOYAKHREP-UHFFFAOYSA-N,C(CCC)CC,86.1766
VLYWMPOKSSWJAL-UHFFFAOYSA-N,S(=O)(=O)(Nc1nnc(OC)cc1)c1ccc(N)cc1,280.3008
VMKOFRJSULQZRM-UHFFFAOYSA-N,BrCCCCCCCC,193.1263
VOEYXMAFNDNNED-UHFFFAOYSA-N,O=C(Oc1cc(C)ccc1)NC,165.1914
VOKSWYLNZZRQPF-GDIGMMSISA-N,Oc1cc2[C@@]3(C)[C@@H](C)[C@H](N(CC=C(C)C)CC3)Cc2cc1,285.4284
VOXZDWNPVJITMN-UHFFFAOYSA-N,Oc1cc2c(cc1)C1C(C3C(C)(C(O)CC3)CC1)CC2,272.3864
VPGRYOFKCNULNK-UHFFFAOYSA-N,O=C(OCC(=O)C1C2(C)C(C3C(C4(C)C(=CC(=O)CC4)CC3)CC2)CC1)C,372.5034
VREFGVBLTWBCJP-UHFFFAOYSA-N,Clc1cc2C(=NCc3n(c(C)nn3)c2cc1)c1ccccc1,308.7695
VSNHCAURESNICA-UHFFFAOYSA-N,O=C(NO)N,76.0548
VUNCWTMEJYMOOR-UHFFFAOYSA-N,ClC1(Cl)C(=C(Cl)C(=C1Cl)Cl)Cl,272.773
VVNCNSJFMMFHPL-UHFFFAOYSA-N,SC(C(N)C(=O)O)(C)C,149.2074
VVQNEPGJFQJSBK-UHFFFAOYSA-N,O=C(OC)C(=C)C,100.117
VVSSGCCPNDSLPL-UHFFFAOYSA-N,S(=O)(=O)(N)c1sc2S(=O)(=O)CCCc2c1,267.3324
VWPOSFSPZNDTMJ-UCWKZMIHSA-N,O(CC(O)CNC(C)(C)C)c1c2c(ccc1)C[C@@H](O)[C@@H](O)C2,309.4046
VXGYRCVTBHVXMZ-UHFFFAOYSA-N,O=C(O)c1cc2c(nccc2)cc1,173.1708
VXIVSQZSERGHQP-UHFFFAOYSA-N,ClCC(=O)N,93.5127
VXLVYFXPZGPXCT-UHFFFAOYSA-N,S(=O)(=O)(N)c1occ(S(=O)(=O)c2ccc(OC)cc2)c1,317.331
VYWYYJYRVSBHJQ-UHFFFAOYSA-N,O=[N+]([O-])c1cc([N+](=O)[O-])cc(C(=O)O)c1,212.1184
WBJINCZRORDGAQ-UHFFFAOYSA-N,O=COCC,74.0792
WCLNVRQZUKYVAI-UHFFFAOYSA-N,Clc1c(Cl)c(Cl)c2Oc3c(c(Cl)c(Cl)c(Cl)c3)Oc2c1Cl,425.3097
WCYYQNSQJHPVMG-UHFFFAOYSA-N,Clc1c(Cl)c(Cl)c2Oc3c(Oc2c1Cl)cc(Cl)c(Cl)c3,390.8646
WDCYWAQPCXBPJA-UHFFFAOYSA-N,O=[N+]([O-])c1cc([N+](=O)[O-])ccc1,168.1086
WDECIBYCCFPHNR-UHFFFAOYSA-N,c12c(c3c(cc1)cccc3)ccc1c2cccc1,228.2928
WDQPAMHFFCXSNU-BGABXYSRSA-N,Clc1ccc(Nc2/c(=N/C(C)C)/cc3n(c4ccc(Cl)cc4)c4c(nc3c2)cccc4)cc1,475.4194
WEEGYLXZBRQIMU-UHFFFAOYSA-N,CC1(C)OC2(C)CCC1CC2,154.2516
WEHWNAOGRSTTBQ-UHFFFAOYSA-N,N(CCC)CCC,101.1912
WEVYAHXRMPXWCK-UHFFFAOYSA-N,N#CC,41.0524
WFJNHVWTKZUUTR-UHFFFAOYSA-N,OC(c1c2c(ncc1)cccc2)C1N2CC(CC)C(C1)CC2,296.4114
WFRBDWRZVBPBDO-UHFFFAOYSA-N,OC(CCC)(C)C,102.176
WHTBVLXUSXVMEV-UHFFFAOYSA-N,S(=O)(=O)(Nc1c(C)cc(S(=O)(=O)c2ccccc2)cc1)C(F)(F)F,379.3683
WIDHRBRBACOVOY-UHFFFAOYSA-N,Clc1c(Cl)c(c2cc(Cl)c(Cl)cc2)ccc1Cl,326.4365
WIIZWVCIJKGZOK-RKDXNWHRSA-N,ClC(Cl)C(=O)N[C@@H]([C@H](O)c1ccc([N+](=O)[O-])cc1)CO,323.1322
WIKYUJGCLQQFNW-UHFFFAOYSA-N,Clc1cc2N(CCCN3CCN(C)CC3)c3c(Sc2cc1)cccc3,373.9427
WJNRPILHGGKWCK-UHFFFAOYSA-N,Clc1nc(NC(C)C)nc(NC(C)C)n1,229.7119
WJRBRSLFGCUECM-UHFFFAOYSA-N,O=C1NC(=O)CN1,100.0768
WJTCGQSWYFHTAC-UHFFFAOYSA-N,C1CCCCCCC1,112.2144
WJUSVIUZCYELMK-UHFFFAOYSA-N,O=C(COC(=O)c1ccccc1)N1C(C)CCCC1C,275.3468
WKEDVNSFRWHDNR-UHFFFAOYSA-N,O=C(Nc1ccccc1)c1c(O)cccc1,213.2354
WKLCYOHFTPREOW-UHFFFAOYSA-N,S(=O)(=O)(N)c1sc2SCCC(=O)c2c1,249.3172
WLJVNTCWHIRURA-UHFFFAOYSA-N,O=C(O)CCCCCC(=O)O,160.1694
WLJVXDMOQOGPHL-UHFFFAOYSA-N,O=C(O)Cc1ccccc1,136.15
WMWJCKBJUQDYLM-UHFFFAOYSA-N,Clc1cc2Oc3c(Oc2cc1)ccc(Cl)c3,253.0842
WPTCSQBWLUUYDV-UHFFFAOYSA-N,c1(c2nc3c(cc2)cccc3)nc2c(cc1)cccc2,256.3062
WQOXQRCZOLPYPM-UHFFFAOYSA-N,S(SC)C,94.1894
WQZGKKKJIJFFOK-UHFFFAOYSA-N,OCC1C(O)C(O)C(O)C(O)O1,180.1572
WREGKURFCTUGRC-UHFFFAOYSA-N,O=c1n(C2OC(CO)CC2)ccc(N)n1,211.22
WRKNTBMMMVTKKA-UHFFFAOYSA-N,O=C(N(CCO)C)COC(=O)c1ccccc1,237.2548
WRMNZCZEMHIOCP-UHFFFAOYSA-N,OCCc1ccccc1,122.1664
WRNGAZFESPEMCN-UHFFFAOYSA-N,Clc1c(Cl)c(Cl)c2Oc3c(Oc2c1Cl)cc(Cl)cc3,356.4195
WTDRDQBEARUVNC-LURJTMIESA-N,O=C(O)[C@@H](N)Cc1cc(O)c(O)cc1,197.1902
WURBVZBTWMNKQT-UHFFFAOYSA-N,Clc1ccc(OC(C(=O)C(C)(C)C)n2ncnc2)cc1,293.7523
WVDDGKGOMKODPV-UHFFFAOYSA-N,OCc1ccccc1,108.1396
WWGUMAYGTYQSGA-UHFFFAOYSA-N,Cc1c(C)cc2c(c1)cccc2,156.2268
WWJZWCUNLNYYAU-UHFFFAOYSA-N,S=P(OC)(OC)Oc1ccc(Sc2ccc(OP(=S)(OC)OC)cc2)cc1,466.4579
WXMYDHQMJVPNTD-UHFFFAOYSA-N,Fc1c(N2CC(N)(C)C2)c(F)c2n(C3CC3)cc(C(=O)O)c(=O)c2c1N,364.351
WXTMDXOMEHJXQO-UHFFFAOYSA-N,O=C(O)c1c(O)ccc(O)c1,154.122
WXZMFSXDPGVJKK-UHFFFAOYSA-N,OCC(CO)(CO)CO,136.1474
WXZVAROIGSFCFJ-UHFFFAOYSA-N,O=C(N(CC)CC)C(Oc1c2c(ccc1)cccc2)C,271.3584
WYEHFWKAOXOVJD-UHFFFAOYSA-N,FC(F)(F)c1cc(Oc2c(C(=O)Nc3c(F)cc(F)cc3)cccn2)ccc1,394.3001
WYKYKTKDBLFHCY-UHFFFAOYSA-N,Clc1c(=O)n(c2ccccc2)ncc1N,221.6457
WYMSBXTXOHUIGT-UHFFFAOYSA-N,P(=O)(OCC)(OCC)Oc1ccc([N+](=O)[O-])cc1,275.1975
WZJZMXBKUWKXTQ-UHFFFAOYSA-N,O=C(OCC)Nc1cc(OC(=O)Nc2ccccc2)ccc1,300.3134
WZWYJBNHTWCXIM-JLHYYAGUSA-N,O=S1(=O)N(C)/C(=C(/O)\Nc2ncccc2)/C(=O)c2sccc12,337.3676
XADCESSVHJOZHK-UHFFFAOYSA-N,O=C(OCC)C1(c2ccccc2)CCN(C)CC1,247.3364
XBCXJKGHPABGSD-UHFFFAOYSA-N,O=c1n(C)ccc(=O)[nH]1,126.1146
XDLPWPNVUPKKSN-UHFFFAOYSA-N,Fc1c(N2CC(NC)C2)cc2n(C3CC3)cc(C(=O)O)c(=O)c2c1,331.3459
XEFQLINVKFYRCS-UHFFFAOYSA-N,Clc1c(Oc2c(O)cc(Cl)cc2)ccc(Cl)c1,289.5451
XEKOWRVHYACXOJ-UHFFFAOYSA-N,O=C(OCC)C,88.106
XEROSHXMTSNDBW-UHFFFAOYSA-N,S(=O)(=O)(N)c1sc2C(O)CCS(=O)c2c1,267.3324
XFOHWECQTFIEIX-UHFFFAOYSA-N,O=[N+]([O-])c1cc2c(c3c(cccc3)C2)cc1,211.2196
XGEGHDBEHXKFPX-UHFFFAOYSA-N,O=C(NC)N,74.0822
XIGAUIHYSDTJHW-UHFFFAOYSA-N,O=C(N(C)c1ccccc1)COc1sc2c(n1)cccc2,298.3588
XITQUSLLOSKDTB-UHFFFAOYSA-N,Clc1c(Oc2ccc([N+](=O)[O-])cc2)ccc(Cl)c1,284.0982
XIURVHNZVLADCM-IUODEOHRSA-N,O=C(N[C@@H]1C(=O)N2C(=C(COC(=O)C)CS[C@H]12)C(=O)O)Cc1sccc1,396.4322
XJCVRTZCHMZPBD-UHFFFAOYSA-N,O=[N+]([O-])c1cc(N)ccc1,138.1256
XJGVXQDUIWGIRW-UHFFFAOYSA-N,Clc1cc2C(=Nc3c(Oc2cc1)cccc3)N1CCN(C)CC1,327.8127
XJKSTNDFUHDPQJ-UHFFFAOYSA-N,c1(c2ccccc2)ccc(c2ccccc2)cc1,230.3086
XKEFYDZQGKAQCN-UHFFFAOYSA-N,Clc1cc(Cl)cc(Cl)c1,181.4487
XKFPYPQQHFEXRZ-UHFFFAOYSA-N,O=C(NNCc1ccccc1)c1noc(C)c1,231.2536
XKJMBINCVNINCA-UHFFFAOYSA-N,Clc1c(Cl)ccc(NC(=O)N(OC)C)c1,249.0962
XLOMZPUITCYLMJ-UHFFFAOYSA-N,S=C1NC(=O)C(C(CCC)C)(CC=C)C(=O)N1,254.3464
XMTQQYYKAHVGBJ-UHFFFAOYSA-N,Clc1c(Cl)ccc(NC(=O)N(C)C)c1,233.0968
XNLICIUVMPYHGG-UHFFFAOYSA-N,O=C(CCC)C,86.1334
XQUXKZZNEFRCAW-UHFFFAOYSA-N,O=C(OC(C#N)c1cc(Oc2ccccc2)ccc1)C1C(C)(C)C1(C)C,349.4286
XQXPVVBIMDBYFF-UHFFFAOYSA-N,O=C(O)Cc1ccc(O)cc1,152.1494
XQZYPMVTSDWCCE-UHFFFAOYSA-N,N#Cc1c(C#N)cccc1,128.133
XRECTZIEBJDKEO-UHFFFAOYSA-N,Fc1c(N)[nH]c(=O)nc1,129.0935
XRHGWAGWAHHFLF-UHFFFAOYSA-N,Clc1n(C(C)C)nc(OP(=S)(OCC)OCC)n1,313.7384
XRTJYEIMLZALBD-UHFFFAOYSA-N,Nc1ccc(c2sc3c(n2)ccc(C)c3)cc1,240.3222
XSKQKDTZQNFCCB-UHFFFAOYSA-N,O=[N+]([O-])c1c(CO)cc2OCOc2c1,197.147
XSQUKJJJFZCRTK-UHFFFAOYSA-N,O=C(N)N,60.0554
XTRDKALNCIHHNI-UHFFFAOYSA-N,O=[N+]([O-])c1c(C)c([N+](=O)[O-])ccc1,182.1354
XUCIJNAGGSZNQT-UHFFFAOYSA-N,O(C(C#N)c1ccccc1)C1C(O)C(O)C(O)C(COC2C(O)C(O)C(O)C(CO)O2)O1,457.4334
XUFQPHANEAPEMJ-UHFFFAOYSA-N,S(=O)(=O)(N=C(N)CCSCc1nc(N=C(N)N)sc1)N,337.4322
XUYPXLNMDZIRQH-UHFFFAOYSA-N,S(CCC(NC(=O)C)C(=O)O)C,191.2446
XWKFPIODWVPXLX-UHFFFAOYSA-N,Cc1ncc(C)cc1,107.1548
XYGUXAGVJDBSBP-UHFFFAOYSA-N,O=C(NCC(=O)N)COC(=O)c1ccccc1,236.2268
XZTUSOXSLKTKJQ-UHFFFAOYSA-N,O=C1OCC(=C1)C1C2(C)C(O)(C3C(C4(C)C(CC(O)CC4)CC3)CC2)CC1,374.5192
YAPQBXQYLJRXSA-UHFFFAOYSA-N,O=c1n(C)c2ncn(C)c2c(=O)[nH]1,180.1658
YASYVMFAVPKPKE-UHFFFAOYSA-N,S(P(=O)(OC)NC(=O)C)C,183.1617
YBPAYPRLUDCSEY-UHFFFAOYSA-N,O=C(N)Cc1ccc(O)cc1,151.1646
YCLSOMLVSHPPFV-UHFFFAOYSA-N,S(SCCC(=O)O)CCC(=O)O,210.2626
YCMLQMDWSXFTIF-UHFFFAOYSA-N,S(=O)(=O)(N)c1c(C)cccc1,171.2136
YCSBALJAGZKWFF-UHFFFAOYSA-N,Nc1cc2c(cc3c(c2)cccc3)cc1,193.2476
YEAICDDXRUOCKJ-UHFFFAOYSA-N,S(=O)(=O)(Nc1nccnc1)c1ccc(N)cc1,250.2746
YFBPRJGDJKVWAH-UHFFFAOYSA-N,S(C)c1c(C)cc(OC(=O)NC)cc1C,225.305
YFGYUFNIOHWBOB-UHFFFAOYSA-N,O=C(Oc1c(C)c(C)nc(N(C)C)n1)N(C)C,238.2888
YGLMVCVJLXREAK-UHFFFAOYSA-N,O=C(N(C)C)NC1C2C3C(C(C1)C2)CCC3,222.3296
YGYNBBAUIYTWBF-UHFFFAOYSA-N,Cc1cc2c(cc(C)cc2)cc1,156.2268
YIKYNHJUKRTCJL-UHFFFAOYSA-N,O=c1c(O)c(CC)occ1,140.1384
YJDYCULVYZDESB-UHFFFAOYSA-N,O=C1C2(C)C(C3C(C4(C)C(CC3)CCCC4)CC2)CC1,274.4454
YKGCCFHSXQHWIG-UHFFFAOYSA-N,O=c1cc2sc3c(nc2cc1)cccc3,225.3482
YKJYKKNCCRKFSL-UHFFFAOYSA-N,O=C(OC1C(Cc2ccc(OC)cc2)NCC1O)C,265.3084
YKYONYBAUNKHLG-UHFFFAOYSA-N,O=C(OCCC)C,102.1328
YLQBMQCUIZJEEH-UHFFFAOYSA-N,o1cccc1,68.075
YMWUJEATGCHHMB-UHFFFAOYSA-N,ClCCl,84.9328
YNARWAUTTJJADX-UHFFFAOYSA-N,S=c1n(C)c2c(n(CC)c3ncccc13)nccc2,270.3514
YNAVUWVOSKDBBP-UHFFFAOYSA-N,O1CCNCC1,87.1212
YNBADRVTZLEFNH-UHFFFAOYSA-N,O=C(OC)c1cnccc1,137.1378
YNDXUCZADRHECN-JNQJZLCISA-N,F[C@]12[C@@H](O)C[C@]3(C)[C@]4(C(=O)CO)OC(C)(C)O[C@@H]4C[C@H]3[C@@H]1CCC1=CC(=O)C=C[C@]21C,434.5037
YNPNZTXNASCQKK-UHFFFAOYSA-N,c12c3c(ccc1cccc2)cccc3,178.233
YNVOMSDITJMNET-UHFFFAOYSA-N,O=C(O)c1cscc1,128.1454
YOJAHJGBFDPSDI-UHFFFAOYSA-N,O=[N+]([O-])c1ccc(C(=O)OC)cc1,181.1476
YOYAIZYFCNQIRF-UHFFFAOYSA-N,Clc1c(C#N)c(Cl)ccc1,172.0134
YREQHYQNNWYQCJ-UHFFFAOYSA-N,O(CC(C)(C)c1ccc(OCC)cc1)Cc1cc(Oc2ccccc2)ccc1,376.4944
YRHRIQCWCFGUEQ-UHFFFAOYSA-N,O=c1c2c(sc3c1cccc3)cccc2,212.2656
YRHYCMZPEVDGFQ-UHFFFAOYSA-N,O=C(OC)CCCCCCCCC,186.2936
YTBRNEUEFCNVHC-UHFFFAOYSA-N,Clc1ccc(c2ccc(Cl)cc2)cc1,223.1012
YUWFEBAXEOLKSG-UHFFFAOYSA-N,Cc1c(C)c(C)c(C)c(C)c1C,162.2742
YVWZWRFAFZRJGU-UHFFFAOYSA-N,O=C(COC(=O)c1ccccc1)N1CCC(O)CC1,263.2926
YWBVHLJPRPCRSD-UHFFFAOYSA-N,FC(F)(F)c1cc(c2c(=O)c(c3ccccc3)cn(C)c2)ccc1,329.3209
YZMCKZRAOLZXAZ-UHFFFAOYSA-N,S(=O)(=O)(Nc1nc(C)nc(C)c1)c1ccc(N)cc1,278.3282
YZVWKHVRBDQPMQ-UHFFFAOYSA-N,Nc1c2c3c4c(cc2)cccc4ccc3cc1,217.2696
ZAFYATHCZYHLPB-UHFFFAOYSA-N,O=C(N(C)C)Cc1c(c2ccc(C)cc2)nc2n1cc(C)cc2,307.3944
ZCINFQNVNLHJOV-UHFFFAOYSA-N,O=[N+]([O-])C1=C(OCC)C(=O)N(C(C)C)C1,214.2206
ZDPHROOEEOARMN-UHFFFAOYSA-N,O=C(O)CCCCCCCCCC,186.2936
ZDXPYRJPNDTMRX-VKHMYHEASA-N,O=C(O)[C@@H](N)CCC(=O)N,146.1456
ZEKZLJVOYLTDKK-UHFFFAOYSA-N,Fc1c(N2CC(C)NCC2)c(F)cc2c(=O)c(C(=O)O)cn(CC)c12,351.3522
ZGEGCLOFRBLKSE-UHFFFAOYSA-N,C(=C)CCCCC,98.1876
ZGRYQDHDZGJMNF-UHFFFAOYSA-N,S(=O)(=O)(N)c1sc2c(S(=O)(=O)CC(O)C2)c1,283.3318
ZIEWAMOXCOLNSJ-UHFFFAOYSA-N,ClC(Cl)C(=O)NC1=C(Cl)C(=O)c2c(C1=O)cccc2,318.5433
ZISSAWUMDACLOM-UHFFFAOYSA-N,C(C(C)C)(C)(C)C,100.2034
ZJJXGWJIGJFDTL-UHFFFAOYSA-N,S(=O)(=O)(NC(=O)NC1CCCCC1)c1ccc(CCNC(=O)c2ncc(C)nc2)cc1,445.5354
ZJYJZEAJZXVAMF-UHFFFAOYSA-N,O=[N+]([O-])c1cc2c(cc1)cccc2,173.1708
ZLAQATDNGLKIEV-UHFFFAOYSA-N,Sc1nc(O)c(C)cn1,142.1752
ZMANZCXQSJIPKH-UHFFFAOYSA-N,N(CC)(CC)CC,101.1912
ZMISODWVFHHWNR-UHFFFAOYSA-N,OC(c1ccccc1)(c1ccccc1)C1CCNCC1,267.37
ZNNLBTZKUZBEKO-UHFFFAOYSA-N,Clc1cc(C(=O)NCCc2ccc(S(=O)(=O)NC(=O)NC3CCCCC3)cc2)c(OC)cc1,494.0043
ZNOLGFHPUIJIMJ-UHFFFAOYSA-N,S=P(OC)(OC)Oc1cc(C)c([N+](=O)[O-])cc1,277.2313
ZNSSPLQZSUWFJT-UHFFFAOYSA-N,O=C(OCCCCC)c1ccc(O)cc1,208.2566
ZQUPQXINXTWCQR-UHFFFAOYSA-N,Clc1c(Cl)c(Cl)cc(Cl)c1c1cc(Cl)c(Cl)cc1,360.8816
ZRKWMRDKSOPRRS-UHFFFAOYSA-N,O=NN(C(=O)N)C,103.0804
ZRSNZINYAWTAHE-UHFFFAOYSA-N,O=Cc1ccc(OC)cc1,136.15
ZRVUJXDFFKFLMG-UHFFFAOYSA-N,O=C(Nc1sc(C)cn1)C1=C(c2c(S(=O)(=O)N1C)cccc2)O,351.3944
ZSDSQXJSNMTJDA-UHFFFAOYSA-N,FC(F)(F)c1cc([N+](=O)[O-])c(N(CCC)CCC)c([N+](=O)[O-])c1,335.2823
ZTMKADLOSYKWCA-UHFFFAOYSA-N,O=c1n(c(=O)c2c([nH]1)CCC2)C1CCCCC1,234.2974
ZTQSAGDEMFDKMZ-UHFFFAOYSA-N,O=CCCC,72.1066
ZWEHNKRNPOVVGH-UHFFFAOYSA-N,O=C(CC)C,72.1066
ZWUAUTPCFIIFAS-UHFFFAOYSA-N,O=C(N(C(C)C)C(C)C)COC(=O)c1ccccc1,263.3358
ZXAGXLDEMUNQSH-UHFFFAOYSA-N,C(C)c1cc2c(cc3c(c2)cccc3)cc1,206.2866
ZXEKIIBDNHEJCQ-UHFFFAOYSA-N,OCC(C)C,74.1224
ZXFXBSWRVIQKOD-UHFFFAOYSA-N,ClC1(Cl)C2(Cl)C(=C(Cl)C1(Cl)C1C2C(Cl)C2OC12)Cl,389.3199
ZXQYGBMAQZUVMI-UHFFFAOYSA-N,ClC(=CC1C(C)(C)C1C(=O)OC(C#N)c1cc(Oc2ccccc2)ccc1)C(F)(F)F,449.8562
ZXVONLUNISGICL-UHFFFAOYSA-N,O=[N+]([O-])c1c(O)c(C)cc([N+](=O)[O-])c1,198.1348
ZYJPUMXJBDHSIF-NSHDSACASA-N,O=C(OC(C)(C)C)N[C@H](C(=O)O)Cc1ccccc1,265.3084
ZZLCFHIKESPLTH-UHFFFAOYSA-N,Cc1ccc(c2ccccc2)cc1,168.2378
ZZORFUFYDOWNEF-UHFFFAOYSA-N,S(=O)(=O)(Nc1nc(OC)nc(OC)c1)c1ccc(N)cc1,310.327
ZZUFCTLCJUWOSV-UHFFFAOYSA-N,Clc1c(S(=O)(=O)N)cc(C(=O)O)c(NCc2occc2)c1,330.7423
