Name,SMILES
AAEVYOVXGOFMJO-UHFFFAOYSA-N,S(C)c1nc(NC(C)C)nc(NC(C)C)n1
ABICJYZKIYUWEE-UHFFFAOYSA-N,O=[N+]([O-])C1C(=O)NC(=O)NC1=O
ADIMAYPTOBDMTL-UHFFFAOYSA-N,Clc1cc2C(=NC(O)C(=O)Nc2cc1)c1ccccc1
AEXMKKGTQYQZCS-UHFFFAOYSA-N,C(CC)(CC)(C)C
AFFLGGQVNFXPEV-UHFFFAOYSA-N,C(=C)CCCCCCCC
AFOGBLYPWJJVAL-UHFFFAOYSA-N,S(=O)(=O)(NC(=O)NCCCC)c1ccccc1
AFPHTEQTJZKQAQ-UHFFFAOYSA-N,O=[N+]([O-])c1cc(C(=O)O)ccc1
AFYCEAFSNDLKSX-UHFFFAOYSA-N,O=c1oc2c(c(C)c1)ccc(N(CC)CC)c2
AGAHNABIDCTLHW-UHFFFAOYSA-N,Fc1ccc(C(=O)CCCN2CCC(O)(c3ccc(C)cc3)CC2)cc1
AGMMTXLNIQSRCG-UHFFFAOYSA-N,Clc1c(S(=O)(=O)N)cc2C(=O)NC(CC)Nc2c1
AHJKRLASYNVKDZ-UHFFFAOYSA-N,ClC(Cl)C(c1ccc(Cl)cc1)c1ccc(Cl)cc1
AIKKULXCBHRFOS-UHFFFAOYSA-N,S=P(SCC(=O)N(C=O)C)(OC)OC
AIVXUNRQBRKFJO-UHFFFAOYSA-N,S(=O)(=O)(N)c1sc2C(=O)CCSc2c1
AKUJBENLRBOFTD-UHFFFAOYSA-N,FC12C3(C)C(=CC(=O)C=C3)CCC1C1C(C)(C(O)(C(=O)COC(=O)C)C(C)C1)CC2O
AMEKQAFGQBKLKX-UHFFFAOYSA-N,O=C(Nc1ccccc1)C1=C(OCCS1(=O)=O)C
AMMPGYPPRLWMLW-UHFFFAOYSA-N,O=[N+]([O-])c1cc(N)c(OCC)cc1
AMQJEAYHLZJPGS-UHFFFAOYSA-N,OCCCCC
AMRQXHFXNZFDCH-UHFFFAOYSA-N,O=C(OC(C(=O)NCC)C)Nc1ccccc1
ANJTVLIZGCUXLD-UHFFFAOYSA-N,O=c1n2c(ccc1)C1CNCC(C2)C1
APSMUYYLXZULMS-UHFFFAOYSA-N,Brc1cc2c(cc1)cccc2
APTGDJCKNMNFID-UHFFFAOYSA-N,S(=O)(=O)(N)c1sc2S(=O)(=O)CC(O)Cc2c1
AQCHWTWZEMGIFD-UHFFFAOYSA-N,Clc1c(S(=O)(=O)N)cc2C(=O)N(c3c(C)cccc3)C(C)Nc2c1
AQIXAKUUQRKLND-UHFFFAOYSA-N,S(CCN/C(=N/C)/NC#N)Cc1c(C)[nH]cn1
AQIXEPGDORPWBJ-UHFFFAOYSA-N,OC(CC)CC
ARCGXLSVLAOJQL-UHFFFAOYSA-N,O=C(O)c1c(C(=O)O)ccc(C(=O)O)c1
ARGDYOIRHYLIMT-UHFFFAOYSA-N,ClN(Cl)S(=O)(=O)c1ccc(C)cc1
ARSRBNBHOADGJU-UHFFFAOYSA-N,Cc1c2c(c(C)c3c1cccc3)ccc1c2cccc1
ATROHALUCMTWTB-UHFFFAOYSA-N,S=P(ON=C(C#N)c1ccccc1)(OCC)OCC
AUKRYONWZHRJRE-UHFFFAOYSA-N,Oc1c2c(cc3c1cccc3)cccc2
AUNGANRZJHBGPY-UHFFFAOYSA-N,O=c1nc2n(CC(O)C(O)C(O)CO)c3c(nc2c(=O)[nH]1)cc(C)c(C)c3
AUZONCFQVSMFAP-UHFFFAOYSA-N,S(SC(=S)N(CC)CC)C(=S)N(CC)CC
AVQQQNCBBIEMEU-UHFFFAOYSA-N,O=C(N(C)C)N(C)C
AVZVLGDSSQKRGL-UHFFFAOYSA-N,O=C(COC(=O)c1ccccc1)N1CCOCC1
AWMVMTVKBNGEAK-UHFFFAOYSA-N,c1(C2OC2)ccccc1
AXGUBXVWZBFQGA-UHFFFAOYSA-N,Clc1ccc(C(O)(C(=O)OC(C)C)c2ccc(Cl)cc2)cc1
AYFVYJQAPQTCCC-UHFFFAOYSA-N,O=C(O)C(N)C(O)C
BACHBFVBHLGWSL-UHFFFAOYSA-N,Clc1c(Oc2ccc(OC(C(=O)OC)C)cc2)ccc(Cl)c1
BAPJBEWLBFYGME-UHFFFAOYSA-N,O=C(OC)C=C
BBEAQIROQSPTKN-UHFFFAOYSA-N,c12c3c4ccc1cccc2ccc3ccc4
BBXXLROWFHWFQY-UHFFFAOYSA-N,O=c1c(CCCC)c(C)nc(NCC)[nH]1
BCCOBQSFUDVTJQ-UHFFFAOYSA-N,FC1(F)C(F)(F)C(F)(F)C1(F)F
BCMCBBGGLRIHSE-UHFFFAOYSA-N,o1c2c(nc1)cccc2
BDERNNFJNOPAEC-UHFFFAOYSA-N,OCCC
BFCFYVKQTRLZHA-UHFFFAOYSA-N,Clc1c([N+](=O)[O-])cccc1
BFPYWIDHMRZLRN-UHFFFAOYSA-N,Oc1cc2c(cc1)C1C(C3C(C)(C(O)(C#C)CC3)CC1)CC2
BGHCVCJVXZWKCC-UHFFFAOYSA-N,C(CCCCCCC)CCCCCC
BGNCCUHEGHNNAP-UHFFFAOYSA-N,S(=O)(=O)(N)c1sc2S(=O)(=O)CCC(=O)c2c1
BKIMMITUMNQMOS-UHFFFAOYSA-N,C(CCCC)CCCC
BMLIZLVNXIYGCK-UHFFFAOYSA-N,Clc1ccc(NC(=O)N(C)C)cc1
BNUHAJGCKIQFGE-UHFFFAOYSA-N,O=[N+]([O-])c1ccc(OC)cc1
BOCJQSFSGAZAPQ-UHFFFAOYSA-N,Clc1c2C(=O)c3c(C(=O)c2ccc1)cccc3
BOJWTAQWPVBIPG-UHFFFAOYSA-N,Fc1c([N+](=O)[O-])cc(C(=O)O)cc1
BRBKOPJOKNSWSG-UHFFFAOYSA-N,S(=O)(=O)(N=C(N)N)c1ccc(N)cc1
BRLQWZUYTZBJKN-UHFFFAOYSA-N,ClCC1OC1
BRPOVUNVTUCYNN-UHFFFAOYSA-N,Fc1c(N2C(CC)C(N)C2)cc2n(C3CC3)cc(C(=O)O)c(=O)c2c1
BRUZQRBVNRKLJG-UHFFFAOYSA-N,O=C(OCC(C)C)N
BTANRVKWQNVYAZ-UHFFFAOYSA-N,OC(CC)C
BTJIUGUIPKRLHP-UHFFFAOYSA-N,O=[N+]([O-])c1ccc(O)cc1
BUNFNRVLMKHKIT-UHFFFAOYSA-N,O=[N+]([O-])c1c(NC(=O)C)cccc1
BWXSXZAIQQSFPW-UHFFFAOYSA-N,O=[N+]([O-])c1cc2C(=O)OC(CC)(CC)c2cc1
BXNJHAXVSOCGBA-UHFFFAOYSA-N,O(C)c1cc2[nH]c3c(C)nccc3c2cc1
BXWNKGSJHAJOGX-UHFFFAOYSA-N,OCCCCCCCCCCCCCCCC
BYEVBITUADOIGY-UHFFFAOYSA-N,O=C(OCC)CCCCCCCC
BZHMBWZPUJHVEE-UHFFFAOYSA-N,C(CC(C)C)(C)C
BZKPWHYZMXOIDC-UHFFFAOYSA-N,S(=O)(=O)(N)c1sc(NC(=O)C)nn1
BZLVMXJERCGZMT-UHFFFAOYSA-N,O(C(C)(C)C)C
BZTYNSQSZHARAZ-UHFFFAOYSA-N,Clc1c(c2ccc(Cl)cc2)ccc(Cl)c1
CAQHPYSDQFDJAL-UHFFFAOYSA-N,O=C1C(=NO)c2c(cccc2)C=C1
CBFCDTFDPHXCNY-UHFFFAOYSA-N,C(CCCCCCCCCC)CCCCCCCCC
CCGPUGMWYLICGL-UHFFFAOYSA-N,Clc1c(Cl)ccc(NC(=O)N(CCCC)C)c1
CDAWCLOXVUBKRW-UHFFFAOYSA-N,Oc1c(N)cccc1
CDOZDBSBBXSXLB-UHFFFAOYSA-N,N(C(CN1c2c(Sc3c1cccc3)cccc2)C)(CC)CC
CDVNZMKTJIBBBV-UHFFFAOYSA-N,O=[N+]([O-])c1c(C)c(C(=O)O)cc([N+](=O)[O-])c1
CEOCDNVZRAIOQZ-UHFFFAOYSA-N,Clc1c(Cl)c(Cl)cc(Cl)c1Cl
CERQOIWHTDAKMF-UHFFFAOYSA-N,O=C(O)C(=C)C
CFBYEGUGFPZCNF-UHFFFAOYSA-N,O=[N+]([O-])c1c(OC)cccc1
CGBCCZZJVKUAMX-UHFFFAOYSA-N,ClC1=CC2C(C3(C1=CC(=O)C=C3)C)CCC1(C2CCC1(OC(=O)C)C(=O)C)C
CHMBIJAOCISYEW-UHFFFAOYSA-N,O=C(Nc1ccc(N)cc1)C
CHNUNORXWHYHNE-UHFFFAOYSA-N,Clc1c(OC(C)C)cc(n2c(=O)oc(C(C)(C)C)n2)c(Cl)c1
CHNXZKVNWQUJIB-UHFFFAOYSA-N,O=C1C=C2C(C)(C3C(C4C(C)(C(O)(C#C)CC4)CC3)CC2)CC1
CHVJITGCYZJHLR-UHFFFAOYSA-N,C1=CC=CCC=C1
CIWBSHSKHKDKBQ-JLAZNSOCSA-N,O=C1C(=C(O)[C@@H]([C@@H](O)CO)O1)O
CIWBSHSKHKDKBQ-UHFFFAOYSA-N,O=C1C(=C(O)C(C(O)CO)O1)O
CJHXCRMKMMBYJQ-UHFFFAOYSA-N,Oc1c(CCCC)c(C)nc(N(C)C)n1
CKRZKMFTZCFYGB-UHFFFAOYSA-N,ONc1ccccc1
CMSMOCZEIVJLDB-UHFFFAOYSA-N,ClCCN(CCCl)P1(=O)OCCCN1
CMVQZRLQEOAYSW-UHFFFAOYSA-N,Clc1c(Cl)cccc1[N+](=O)[O-]
CNGDZXAWOIPFFX-UHFFFAOYSA-N,S(=O)(=O)(N)c1scc(C(=O)c2ccc(OC)cc2)c1
COLNVLDHVKWLRT-UHFFFAOYSA-N,O=C(O)C(N)Cc1ccccc1
CPGPAVAKSZHMBP-UHFFFAOYSA-N,Cc1c2c(cc3c1cccc3)cccc2
CPNGPNLZQNNVQM-UHFFFAOYSA-N,n1c2nccnc2cnc1
CQRYARSYNCAZFO-UHFFFAOYSA-N,OCc1c(O)cccc1
CSHWQDPOILHKBI-UHFFFAOYSA-N,c12c3c4c5c(c1cccc2ccc3)cccc5ccc4
CTJMNBROBOZHAP-UHFFFAOYSA-N,Fc1c(N2CC(N)C2)cc2n(C3CC3)cc(C(=O)O)c(=O)c2c1
CULUWZNBISUWAS-UHFFFAOYSA-N,O=[N+]([O-])c1n(CC(=O)NCc2ccccc2)ccn1
CVQODEWAPZVVBU-UHFFFAOYSA-N,O=C(Oc1cc(C)cc(C)c1)NC
CVRALZAYCYJELZ-UHFFFAOYSA-N,Brc1c(Cl)cc(OP(=S)(OC)c2ccccc2)c(Cl)c1
CVUGPAFCQJIYDT-UHFFFAOYSA-N,ClC(Cl)(Cl)C(c1c(Cl)cccc1)c1ccc(Cl)cc1
CWJSHJJYOPWUGX-UHFFFAOYSA-N,Clc1cc(NC(=O)OC(C)C)ccc1
CWRYPZZKDGJXCA-UHFFFAOYSA-N,c12c3cccc1CCc2ccc3
CXOFVDLJLONNDW-UHFFFAOYSA-N,O=C1C(c2ccccc2)(c2ccccc2)NC(=O)N1
CXWXQJXEFPUFDZ-UHFFFAOYSA-N,c12c(cccc1)CCCC2
CYFLXLSBHQBMFT-UHFFFAOYSA-N,S(=O)(=O)(Nc1oc(C)c(C)n1)c1ccc(N)cc1
CZGCEKJOLUNIFY-UHFFFAOYSA-N,Clc1ccc([N+](=O)[O-])cc1
CZIHNRWJTSTCEX-UHFFFAOYSA-N,O=C(Nc1cc2c(c3c(cccc3)C2)cc1)C
CZMRCDWAGMRECN-UGDNZRGBSA-N,O([C@@H]1[C@H](O)[C@@H](O)[C@H](O)[C@@H](CO)O1)[C@@]1(CO)[C@@H](O)[C@H](O)[C@@H](CO)O1
CZPWVGJYEJSRLH-UHFFFAOYSA-N,n1cnccc1
DBABZHXKTCFAPX-UHFFFAOYSA-N,S(=O)(=O)(N(CCC)CCC)c1ccc(C(=O)O)cc1
DBPWSSGDRRHUNT-UHFFFAOYSA-N,O=C(C)C1(O)C2(C)C(C3C(C4(C)C(=CC(=O)CC4)CC3)CC2)CC1
DCAYPVUWAIABOU-UHFFFAOYSA-N,C(CCCCCCCC)CCCCCCC
DCUJJWWUNKIJPH-UHFFFAOYSA-N,ClC(Cl)(Cl)c1nc(Cl)ccc1
DDUHZTYCFQRHIY-UHFFFAOYSA-N,Clc1c(OC)cc(OC)c2C(=O)C3(C(=CC(=O)CC3C)OC)Oc12
DEKWZWCFHUABHE-UHFFFAOYSA-N,Clc1ccc(C(CC(=O)C)c2c(=O)oc3c(c2O)cccc3)cc1
DEWLEGDTCGBNGU-UHFFFAOYSA-N,ClCC(O)CCl
DFBKLUNHFCTMDC-PICURKEMSA-N,ClC1(Cl)[C@]2(Cl)C(=C(Cl)[C@@]1(Cl)[C@@H]1[C@H]2[C@H]2[C@@H]3O[C@@H]3[C@@H]1C2)Cl
DFCAFRGABIXSDS-UHFFFAOYSA-N,S(C(=O)N(CC)C1CCCCC1)CC
DFOXKPDFWGNLJU-UHFFFAOYSA-N,OC(C(C)(C)C)C
DFPAKSUCGFBDDF-UHFFFAOYSA-N,O=C(N)c1cnccc1
DFXQXFGFOLXAPO-UHFFFAOYSA-N,Clc1c([N+](=O)[O-])cc(C(=O)O)cc1
DHKHKXVYLBGOIT-UHFFFAOYSA-N,O(C(OCC)C)CC
DHMQDGOQFOQNFH-UHFFFAOYSA-N,O=C(O)CN
DHXVGJBLRPWPCS-UHFFFAOYSA-N,O1CCCCC1
DJHHDLMTUOLVHY-UHFFFAOYSA-N,Clc1c(Cl)c(Cl)c2Oc3c(Oc2c1Cl)cccc3
DJPZSBANTAQNFN-UHFFFAOYSA-N,O=C(OC1C2(C)C(C3C(C4(C)C(=CC(=O)CC4)CC3)CC2)CC1)C
DKMROQRQHGEIOW-UHFFFAOYSA-N,O=C(OCC)CCC(=O)OCC
DLFVBJFMPXGRIB-UHFFFAOYSA-N,O=C(N)C
DLKQHBOKULLWDQ-UHFFFAOYSA-N,Brc1c2c(ccc1)cccc2
DLVAUVPZQHGFJC-UHFFFAOYSA-N,O=C(N(CC(=O)N)C)COC(=O)c1ccccc1
DMDGGSIALPNSEE-UHFFFAOYSA-N,S(=O)(=O)(N)c1c(C(F)(F)F)cc2NCNS(=O)(=O)c2c1
DMEGYFMYUHOHGS-UHFFFAOYSA-N,C1CCCCCC1
DNJIEGIFACGWOD-UHFFFAOYSA-N,SCC
DOFZAZXDOSGAJZ-UHFFFAOYSA-N,S=P(SCCSCC)(OCC)OCC
DOIRQSBPFJWKBE-UHFFFAOYSA-N,O=C(OCCCC)c1c(C(=O)OCCCC)cccc1
DOWJXOHBNXRUOD-UHFFFAOYSA-N,Cc1c2c(c3c(cc2)cccc3)ccc1
DPJCXCZTLWNFOH-UHFFFAOYSA-N,O=[N+]([O-])c1c(N)cccc1
DPSPPJIUMHPXMA-UHFFFAOYSA-N,Fc1cc2c(=O)c(C(=O)O)cn3C(C)CCc(c23)c1
DQJCHOQLCLEDLL-UHFFFAOYSA-N,Cc1c2n3c(sc2ccc1)nnc3
DQWPFSLDHJDLRL-UHFFFAOYSA-N,P(=O)(OCC)(OCC)OCC
DQZCVNGCTZLGAQ-UHFFFAOYSA-N,O=C(N(C)C)NC1CCCCCCC1
DRLFMBDRBRZALE-UHFFFAOYSA-N,O=C(NCCc1c2c([nH]c1)ccc(OC)c2)C
DRUIESSIVFYOMK-UHFFFAOYSA-N,ClC(Cl)(Cl)C#N
DSBMOVYUOIIPDK-UHFFFAOYSA-N,O=C1N(Cc2ccccc2)C(=O)NC1(C)C
DSKJPMWIHSOYEA-UHFFFAOYSA-N,S(=O)(=O)(Oc1c(CCCC)c(C)nc(NCC)n1)N(C)C
DSRNRYQBBJQVCW-UHFFFAOYSA-N,Clc1c(OC)ccc(NC(=O)N(C)C)c1
DSSYKIVIOFKYAU-UHFFFAOYSA-N,O=C1C2(C)C(C)(C)C(C1)CC2
DTGKSKDOIYIVQL-UHFFFAOYSA-N,OC1C2(C)C(C)(C)C(C1)CC2
DTMRKGRREZAYAP-UHFFFAOYSA-N,Clc1c(Cl)c(Cl)cc(c1Cl)c1c(Cl)c(Cl)c(Cl)c(Cl)c1
DVQVBLBKEXITIK-UHFFFAOYSA-N,S(=O)(=O)(Nc1sc(C(C)(C)C)nn1)c1ccc(N)cc1
DVVGIUUJYPYENY-UHFFFAOYSA-N,O=c1n(C)cccc1
DWEPFAMAQPVFBH-UHFFFAOYSA-N,S(=O)(=O)(N)c1sc2S(=O)CCC(O)c2c1
DXXVCXKMSWHGTF-UHFFFAOYSA-N,Clc1c(Oc2cc(OC)c([N+](=O)[O-])cc2)ccc(Cl)c1
DYDNPESBYVVLBO-UHFFFAOYSA-N,O=CNc1ccccc1
DZMDPHNGKBEVRE-UHFFFAOYSA-N,ClCCCCCCC
DZQVFHSCSRACSX-UHFFFAOYSA-N,S(=O)(=O)(Nc1ncc(C)cn1)c1ccc(N)cc1
DZTHIGRZJZPRDV-UHFFFAOYSA-N,O=C(O)C(NC(=O)C)Cc1c2c([nH]c1)cccc2
DZZWHBIBMUVIIW-DTORHVGOSA-N,Fc1c(N2C[C@@H](C)N[C@@H](C)C2)c(F)c2n(C3CC3)cc(C(=O)O)c(=O)c2c1N
FBPFZTCFMRRESA-UHFFFAOYSA-N,OC(C(O)C(O)CO)C(O)CO
FCYQIDFMSYIAEB-UHFFFAOYSA-N,O(COc1c2OC3C(O)CCC4C53c2c(cc1)CC4N(C)CC5)C
FDDDEECHVMSUSB-UHFFFAOYSA-N,S(=O)(=O)(N)c1ccc(N)cc1
FDPIMTJIUBPUKL-UHFFFAOYSA-N,O=C(CC)CC
FEFQUIPMKBPKAR-UHFFFAOYSA-N,O=C(N1C(=O)CCCCC1)c1ccccc1
FEMZVDSBIXDODB-UHFFFAOYSA-N,Fc1c(N2CC(N)(C)C2)c(F)cc2c(=O)c(C(=O)O)cn(C3CC3)c12
FERIUCNNQQJTOY-UHFFFAOYSA-N,O=C(O)CCC
FFEARJCKVFRZRR-UHFFFAOYSA-N,S(CCC(N)C(=O)O)C
FFGPTBGBLSHEPO-UHFFFAOYSA-N,O=C(N)N1c2c(cccc2)C=Cc2c1cccc2
FGLBSLMDCBOPQK-UHFFFAOYSA-N,O=[N+]([O-])C(C)C
FHADSMKORVFYOS-UHFFFAOYSA-N,OC1CCCCCCC1
FLVIGYVXZHLUHP-UHFFFAOYSA-N,S=C(NCC)NCC
FMGSKLZLMKYGDP-USOAJAOKSA-N,O=C1[C@]2(C)[C@H]([C@H]3[C@@H]([C@]4(C)C(=CC3)C[C@@H](O)CC4)CC2)CC1
FMINYZXVCTYSNY-UHFFFAOYSA-N,O=C(N(C)c1ccccc1)NC(C)(C)c1ccccc1
FMKMKBLHMONXJM-UHFFFAOYSA-N,Nc1n(c2ccccc2)nc(C)c1
FNFPHNZQOKBKHN-UHFFFAOYSA-N,O=C(OCC(=O)C1(O)C2(C)C(C3C(C4(C)C(=CC(=O)CC4)CC3)C(O)C2)CC1)CC(C)(C)C
FNROXVCRPXYLRT-UHFFFAOYSA-N,O=C(N(C)C)CCCOC(=O)c1ccccc1
FOANIXZHAMJWOI-UHFFFAOYSA-N,Brc1ccc(C(O)(C(=O)OC(C)C)c2ccc(Br)cc2)cc1
FOCAUTSVDIKZOP-UHFFFAOYSA-N,ClCC(=O)O
FOIBFBMSLDGNHL-UHFFFAOYSA-N,Clc1c(Cl)c(Cl)c2Oc3c(Cl)c(Cl)c(Cl)c(Cl)c3Oc2c1Cl
FPQJEXTVQZHURJ-UHFFFAOYSA-N,O=C(NCCO)C(=O)NCCO
FRDAATYAJDYRNW-UHFFFAOYSA-N,OC(CC)(CC)C
FRQUNVLMWIYOLV-UHFFFAOYSA-N,Clc1c(Cl)c(OC)ccc1Cl
FSCWZHGZWWDELK-UHFFFAOYSA-N,Clc1cc(Cl)cc(N2C(=O)C(C=C)(C)OC2=O)c1
FSERHDPEOFYMMK-UHFFFAOYSA-N,Brc1cc2c(CN(C)C)c[nH]c2cc1
FSVJFNAIGNNGKK-UHFFFAOYSA-N,O=C(N1CC(=O)N2C(c3c(cccc3)CC2)C1)C1CCCCC1
FTOVXSOBNPWTSH-UHFFFAOYSA-N,c12c3c4c(cc1c1c(c2ccc3)cccc1)cccc4
FUKCEEDRHGCYHH-UHFFFAOYSA-N,O=C(NCCCC)COC(=O)c1ccccc1
FULZLIGZKMKICU-UHFFFAOYSA-N,S=C(Nc1ccccc1)N
FUUHMSUPRUNWRQ-UHFFFAOYSA-N,Clc1c(Cl)c(Cl)cc(OC)c1Cl
FVSKHRXBFJPNKK-UHFFFAOYSA-N,N#CCC
FXHOOIRPVKKKFG-UHFFFAOYSA-N,O=C(N(C)C)C
FZBXGZBXWFNCQY-UHFFFAOYSA-N,O=C(COC(=O)c1ccccc1)N1CCCCCC1
FZSVSABTBYGOQH-UHFFFAOYSA-N,S(CC(=NOC(=O)NC)C(C)(C)C)C
GABQNAFEZZDSCM-UHFFFAOYSA-N,O=C(OCC=Cc1ccccc1)c1c(N)cccc1
GBDZXPJXOMHESU-UHFFFAOYSA-N,Clc1c(Cl)c(Cl)ccc1Cl
GBROPGWFBFCKAG-UHFFFAOYSA-N,c12c3c(c4c(cc3)cccc4)ccc1c1c(cc2)cccc1
GCKMFJBGXUYNAG-HLXURNFRSA-N,O=C1C=C2[C@@](C)([C@@H]3[C@H]([C@H]4[C@@](C)([C@](O)(C)CC4)CC3)CC2)CC1
GCNTZFIIOFTKIY-UHFFFAOYSA-N,Oc1ccncc1
GCQZFVAHUZIDRP-UHFFFAOYSA-N,S(=O)(=O)(Nc1ccc(S(=O)(=O)N)cc1)c1ccc(N)cc1
GECHUMIMRBOMGK-UHFFFAOYSA-N,S(=O)(=O)(Nc1ncccc1)c1ccc(N)cc1
GEDIWDLJKRKBFT-UHFFFAOYSA-N,O=C(Oc1n(c2ccccc2)nc(C)c1)N(C)C
GETQZCLCWQTVFV-UHFFFAOYSA-N,N(C)(C)C
GEYOCULIXLDCMW-UHFFFAOYSA-N,Nc1c(N)cccc1
GFBKOADVXIDVBA-UHFFFAOYSA-N,S(=O)(=O)(NC(=O)OCCCC)N
GGLIEWRLXDLBBF-UHFFFAOYSA-N,O=C(Nc1ccc(OCC)cc1)N
GILNGPKTMRSQDW-UHFFFAOYSA-N,O=C(COC(=O)c1ccccc1)N1CCCC1
GIUGGRUEPHPVNR-UHFFFAOYSA-N,Clc1cc2Oc3c(Oc2cc1)cccc3
GKEUODMJRFDLJY-UHFFFAOYSA-N,Cc1c2c(c3c(cccc3)C2)ccc1
GKRZNOGGALENQJ-UHFFFAOYSA-N,O=C(NC(=O)C)N
GLDOVTGHNKAZLK-UHFFFAOYSA-N,OCCCCCCCCCCCCCCCCCC
GLUUGHFHXGJENI-UHFFFAOYSA-N,N1CCNCC1
GMVJKSNPLYBFSO-UHFFFAOYSA-N,Brc1c(Br)cccc1Br
GNHMRTZZNHZDDM-UHFFFAOYSA-N,ClCCC#N
GOHBXWHNJHENRX-UHFFFAOYSA-N,Cc1c2c(c3c(c1)cccc3)ccc1c2cccc1
GPTONYMQFTZPKC-UHFFFAOYSA-N,S(=O)(=O)(Nc1ncc(OC)cn1)c1ccc(N)cc1
GRFNBEZIAWKNCO-UHFFFAOYSA-N,Oc1cnccc1
GRWAIJBHBCCLGS-UHFFFAOYSA-N,O=C(O)Cn1nnnc1
GSDSWSVVBLHKDQ-UHFFFAOYSA-N,Fc1c(N2CCN(C)CC2)c2OCC(C)n3c2c(c(=O)c(C(=O)O)c3)c1
GTCAXTIRRLKXRU-UHFFFAOYSA-N,O=C(OC)N
GUGOEEXESWIERI-UHFFFAOYSA-N,OC(c1ccccc1)(c1ccccc1)C1CCN(CCCC(O)c2ccc(C(C)(C)C)cc2)CC1
GVEPBJHOBDJJJI-UHFFFAOYSA-N,c12c3cccc1c1c(c2ccc3)cccc1
GWDYJKXSUSPLEA-UHFFFAOYSA-N,O=c1nc(c2ccccc2)oc2c1cccc2
GWOFUCIGLDBNKM-UHFFFAOYSA-N,Clc1cc2nccc(Nc3c(C(=O)OCC(O)CO)cccc3)c2cc1
GWUSZQUVEVMBPI-UHFFFAOYSA-N,O=[N+]([O-])c1cc2C(=NCC(=O)N(C)c2cc1)c1ccccc1
GXEKYRXVRROBEV-UHFFFAOYSA-N,O=C(O)C1C(C(=O)O)C2OC1CC2
GYFAGKUZYNFMBN-UHFFFAOYSA-N,c12c3c4c5c6c1c(ccc2ccc3ccc4ccc5)ccc6
GYMFBYTZOGMSQJ-UHFFFAOYSA-N,Cc1cc2c(cc3c(c2)cccc3)cc1
GYTMHWVFKHLDEA-UHFFFAOYSA-N,S(=O)(=O)(N)c1scc(C(=O)c2ccc(C)cc2)c1
HAPOJKSPCGLOOD-UHFFFAOYSA-N,c12c(cc3c(c4c(cccc4)C3)c1)cccc2
HAXBIWFMXWRORI-UHFFFAOYSA-N,c12c3cccc1c1c(c2ccc3)cc2c(c1)cccc2
HCFSGRMEEXUOSS-UHFFFAOYSA-N,O=C(C)C1(C)C2(C)C(C3C=C(C)C4=CC(=O)CCC4(C)C3CC2)CC1
HDWIHXWEUNVBIY-UHFFFAOYSA-N,S(=O)(=O)(N)c1c(C(F)(F)F)cc2NC(Cc3ccccc3)NS(=O)(=O)c2c1
HDZGCSFEDULWCS-UHFFFAOYSA-N,N(N)C
HEZNVIYQEUHLNI-UHFFFAOYSA-N,S(CC)Cc1c(OC(=O)NC)cccc1
HFBWPRKWDIRYNX-UHFFFAOYSA-N,Clc1nc(N(CC)CC)nc(NCC)n1
HFHZKZSRXITVMK-UHFFFAOYSA-N,O=C1N(N(c2ccccc2)C(=O)C1CCCC)c1ccc(O)cc1
HHMCAJWVGYGUEF-UHFFFAOYSA-N,FC(F)(F)c1cc([N+](=O)[O-])c(Oc2ccc([N+](=O)[O-])cc2)cc1
HHOSMYBYIHNXNO-UHFFFAOYSA-N,C(CCC(C)C)(C)(C)C
HJUFTIJOISQSKQ-UHFFFAOYSA-N,O=C(OCC)NCCOc1ccc(Oc2ccccc2)cc1
HKMTVMBEALTRRR-UHFFFAOYSA-N,c12c(ccc3c4c(cccc4)Cc13)cccc2
HKOOXMFOFWEVGF-UHFFFAOYSA-N,N(N)c1ccccc1
HKPHPIREJKHECO-UHFFFAOYSA-N,ClCC(=O)N(COCCCC)c1c(CC)cccc1CC
HLQDGCWIOSOMDP-UHFFFAOYSA-N,Clc1c(Cl)c(Cl)cc(c1Cl)c1ccccc1
HLZKNKRTKFSKGZ-UHFFFAOYSA-N,OCCCCCCCCCCCCCC
HMIBKHHNXANVHR-UHFFFAOYSA-N,S(C(=O)N(C)C)CCCCOc1ccccc1
HMSWAIKSFDFLKN-UHFFFAOYSA-N,C(CCCCCCCCCCCCC)CCCCCCCCCCCC
HNDVDQJCIGZPNO-YFKPBYRVSA-N,O=C(O)[C@@H](N)Cc1[nH]cnc1
HNJBEVLQSNELDL-UHFFFAOYSA-N,O=C1NCCC1
HOQADATXFBOEGG-UHFFFAOYSA-N,S=P(OCC)(Oc1c(C(=O)OC(C)C)cccc1)NC(C)C
HORNXRXVQWOLPJ-UHFFFAOYSA-N,Clc1cc(O)ccc1
HPQURZRDYMUHJI-UHFFFAOYSA-N,C(CCC1CCCC1)CC
HPXRVTGHNJAIIH-UHFFFAOYSA-N,OC1CCCCC1
HPYNZHMRTTWQTB-UHFFFAOYSA-N,Cc1c(C)cccn1
HRBKVYFZANMGRE-UHFFFAOYSA-N,Clc1c(Cl)cc(Cl)c(OP(=S)(OC)OC)n1
HRPVXLWXLXDGHG-UHFFFAOYSA-N,O=C(N)C=C
HRVUKLBFRPWXPJ-UHFFFAOYSA-N,Clc1c(Cl)cc(Cl)c2Oc3c(Oc12)cccc3
HSFWRNGVRCDJHI-UHFFFAOYSA-N,C#C
HUPFGZXOMWLGNK-UHFFFAOYSA-N,Fc1c(c2cc(C(=O)O)c(O)cc2)ccc(F)c1
HUTDUHSNJYTCAR-UHFFFAOYSA-N,O(C)c1ccc(C(O)(c2cncnc2)C2CC2)cc1
HWHLPVGTWGOCJO-UHFFFAOYSA-N,OC(CCN1CCCCC1)(c1ccccc1)C1CCCCC1
HWWYDZCSSYKIAD-UHFFFAOYSA-N,Cc1cc(C)cnc1
HYBBIBNJHNGZAN-UHFFFAOYSA-N,O=Cc1occc1
HYIMSNHJOBLJNT-UHFFFAOYSA-N,O=[N+]([O-])c1c(C2C(=C(C)NC(=C2C(=O)OC)C)C(=O)OC)cccc1
HYJSGOXICXYZGS-UHFFFAOYSA-N,Clc1c2n(CC(=O)O)c(=O)sc2ccc1
HYVMOJOTZLNZPF-UHFFFAOYSA-N,S(=O)(=O)(N)c1sc2C(=O)CCS(=O)(=O)c2c1
HYWYRSMBCFDLJT-UHFFFAOYSA-N,S(=O)(=O)(Nc1c(Oc2ccccc2)cc([N+](=O)[O-])cc1)C
IAIWVQXQOWNYOU-UHFFFAOYSA-N,O=[N+]([O-])c1oc(C=NNC(=O)N)cc1
IAKOZHOLGAGEJT-UHFFFAOYSA-N,ClC(Cl)(Cl)C(c1ccc(OC)cc1)c1ccc(OC)cc1
IDCPFAYURAQKDZ-UHFFFAOYSA-N,O=[N+]([O-])NC(=N)N
IDOWTHOLJBTAFI-UHFFFAOYSA-N,O=C(OC)Nc1cc(OC(=O)Nc2cc(C)ccc2)ccc1
IFEKQNAXDMZERW-UHFFFAOYSA-N,O=C(O)C(N)Cc1n[nH]c2c1cccc2
IFLREYGFSNHWGE-UHFFFAOYSA-N,c12c(cc3c(c1)cccc3)cc1c(c2)cccc1
IGEMDIAQXSOCKX-UHFFFAOYSA-N,S(=O)(=O)(N)c1scc(S(=O)(=O)c2ccc(O)cc2)c1
IIZIPXWXNPFUOU-UHFFFAOYSA-N,O=C(N(CCO)CC)COC(=O)c1ccccc1
IJFPVINAQGWBRJ-UHFFFAOYSA-N,O=C(OCCCCCC(C)C)c1c(C(=O)OCCCCCC(C)C)cccc1
IKECULIHBUCAKR-UHFFFAOYSA-N,OC(C(C)C)(C)C
IKZBNCORGKYEDZ-UHFFFAOYSA-N,Fc1c(N2CC(N)C2)c(F)cc2c(=O)c(C(=O)O)cn(C3CC3)c12
IMIDOCRTMDIQIJ-UHFFFAOYSA-N,O=C(Oc1cc(C)c(N(C)C)cc1)NC
IMMLSOUHQHJKTL-UHFFFAOYSA-N,ClC1=CC=CCC(=C1NC1C(=CC=CC=C1)CC(=O)OCC(=O)NC(C(=O)OC)C)Cl
IMNFDUFMRHMDMM-UHFFFAOYSA-N,C(CCC)CCC
IMONTRJLAWHYGT-UHFFFAOYSA-N,O=C(OC1(C#C)C2(C)C(C3C(C4C(=CC(=O)CC4)CC3)CC2)CC1)C
IMPKVMRTXBRHRB-UHFFFAOYSA-N,OC1C(O)C(O)CC(O)C1O
IMWQMZMZPWIQBE-UHFFFAOYSA-N,O=C(NN=C(C=NNC(=O)N)C)N
INWLQCZOYSRPNW-UHFFFAOYSA-N,O=C(Nc1c(C)cccc1C)C1N(C)CCCC1
IOUNQDKNJZEDEP-UHFFFAOYSA-N,Clc1cc2oc(=O)n(CSP(=S)(OCC)OCC)c2cc1
IPCSVZSSVZVIGE-UHFFFAOYSA-N,O=C(O)CCCCCCCCCCCCCCC
IPEHBUMCGVEMRF-UHFFFAOYSA-N,O=C(N)c1nccnc1
IQUPABOKLQSFBK-UHFFFAOYSA-N,O=[N+]([O-])c1c(O)cccc1
IRCMYGHHKLLGHV-UHFFFAOYSA-N,S(=O)(=O)(Oc1cc2C(C)(C)C(OCC)Oc2cc1)C
IRIAEXORFWYRCZ-UHFFFAOYSA-N,O=C(OCCCC)c1c(C(=O)OCc2ccccc2)cccc1
ISEUFVQQFVOBCY-UHFFFAOYSA-N,O(C)c1nc(NC(C)C)nc(NC(C)C)n1
ISMYLNZMKJLINI-UHFFFAOYSA-N,O=c1n(CC)c2c(n(CC)c3ncccc13)nccc2
ISWSIDIOOBJBQZ-UHFFFAOYSA-N,Oc1ccccc1
ITEQSCBLCCNACE-UHFFFAOYSA-N,O=C(OC1=CC(=O)CC(C)(C)C1)N(C)C
IUTPYMGCWINGEY-UHFFFAOYSA-N,Clc1c(Cl)cc(c(Cl)c1)c1cc(Cl)c(Cl)cc1
IVUXTESCPZUGJC-UHFFFAOYSA-N,Clc1ccc(Oc2ccc(NC(=O)N(C)C)cc2)cc1
IWDCLRJOBJJRNH-UHFFFAOYSA-N,Oc1ccc(C)cc1
IWYDHOAUDWTVEP-UHFFFAOYSA-N,O=C(O)C(O)c1ccccc1
IYXGSMUGOJNHAZ-UHFFFAOYSA-N,O=C(OCC)CC(=O)OCC
IZNWACYOILBFEG-UHFFFAOYSA-N,O=[N+]([O-])c1c(C)ccc2c1cccc2
JAYCNKDKIKZTAF-UHFFFAOYSA-N,Clc1c(c2c(Cl)cccc2)cccc1
JBDOSUUXMYMWQH-UHFFFAOYSA-N,S=C=Nc1c2c(ccc1)cccc2
JFCQEDHGNNZCLN-UHFFFAOYSA-N,O=C(O)CCCC(=O)O
JFNWFXVFBDDWCX-UHFFFAOYSA-N,S(=O)(=O)(N(C(=O)C)c1c(C)c(C)no1)c1ccc(N)cc1
JFSPBVWPKOEZCB-UHFFFAOYSA-N,O=C(Nc1ccccc1)c1c(C)occ1
JHBKHLUZVFWLAG-UHFFFAOYSA-N,Clc1c(Cl)cc(Cl)c(Cl)c1
JHIVVAPYMSGYDF-UHFFFAOYSA-N,O=C1CCCCC1
JHJOOSLFWRRSGU-UHFFFAOYSA-N,Clc1c(Cl)cc(OP(=S)(OC)OC)c(Cl)c1
JIEKMACRVQTPRC-UHFFFAOYSA-N,Clc1ccc(c2c(CC(=O)O)sc(c3ccccc3)n2)cc1
JIGUQPWFLRLWPJ-UHFFFAOYSA-N,O=C(OCC)C=C
JIVPVXMEBJLZRO-UHFFFAOYSA-N,Clc1c(S(=O)(=O)N)cc(C2(O)NC(=O)c3c2cccc3)cc1
JJYPMNFTHPTTDI-UHFFFAOYSA-N,Nc1cc(C)ccc1
JLKIGFTWXXRPMT-UHFFFAOYSA-N,S(=O)(=O)(Nc1noc(C)c1)c1ccc(N)cc1
JLRGJRBPOGGCBT-UHFFFAOYSA-N,S(=O)(=O)(NC(=O)NCCCC)c1ccc(C)cc1
JLYXXMFPNIAWKQ-UHFFFAOYSA-N,ClC1C(Cl)C(Cl)C(Cl)C(Cl)C1Cl
JMMWKPVZQRWMSS-UHFFFAOYSA-N,O=C(OC(C)C)C
JOFWLTCLBGQGBO-UHFFFAOYSA-N,Clc1c(C2=NCc3n(c(C)nn3)c3c2cc(Cl)cc3)cccc1
JOMNTHCQHJPVAZ-UHFFFAOYSA-N,CC1NCCNC1
JOYRKODLDBILNP-UHFFFAOYSA-N,O=C(OCC)N
JPLCQHHISLYGRA-UHFFFAOYSA-N,O=C(Nc1cnc(OC)cc1)C1CC1
JQUIGGQYRQVIIE-UHFFFAOYSA-N,O=C(N(C(=O)C)C)COC(=O)c1ccccc1
JRZJOMJEPLMPRA-UHFFFAOYSA-N,C(=C)CCCCCCC
JSZOAYXJRCEYSX-UHFFFAOYSA-N,O=[N+]([O-])CCC
JTAGHJPZEDNHHA-UHFFFAOYSA-N,O=C(NCCc1cc(OC)c(OC)cc1)CNc1cc(C(=O)NC)ccc1
JTGMTYWYUZDRBK-UHFFFAOYSA-N,Cc1c2c(c(C)c3c1cccc3)cccc2
JUHORIMYRDESRB-UHFFFAOYSA-N,N(CCNCc1ccccc1)Cc1ccccc1
JUJWROOIHBZHMG-UHFFFAOYSA-N,n1ccccc1
JVPGYYNQTPWXGE-UHFFFAOYSA-N,Cc1ccc(c2sc3c(n2)cccc3)cc1
JVSWJIKNEAIKJW-UHFFFAOYSA-N,C(CCCCC)(C)C
JWBOIMRXGHLCPP-UHFFFAOYSA-N,ClC(Cl)C(c1c(Cl)cccc1)c1ccc(Cl)cc1
JWUCHKBSVLQQCO-UHFFFAOYSA-N,Fc1c(C(O)(Cn2ncnc2)c2ccc(F)cc2)cccc1
JWUJQDFVADABEY-UHFFFAOYSA-N,CC1OCCC1
JWZZKOKVBUJMES-UHFFFAOYSA-N,OC(CNC(C)C)c1cc(O)c(O)cc1
JXCGFZXSOMJFOA-UHFFFAOYSA-N,Clc1c(C)ccc(NC(=O)N(C)C)c1
JXSJBGJIGXNWCI-UHFFFAOYSA-N,S=P(SC(C(=O)OCC)CC(=O)OCC)(OC)OC
JXVIIQLNUPXOII-UHFFFAOYSA-N,O=C(Nc1ccccc1)NC1C(C)CCCC1
JYFHYPJRHGVZDY-UHFFFAOYSA-N,P(=O)(OCCCC)(OCCCC)O
JYVLIDXNZAXMDK-UHFFFAOYSA-N,OC(CCC)C
JYYNAJVZFGKDEQ-UHFFFAOYSA-N,Cc1nccc(C)c1
JZQKKSLKJUAGIC-UHFFFAOYSA-N,O(CC(O)CNC(C)C)c1c2c([nH]cc2)ccc1
JZUFKLXOESDKRF-UHFFFAOYSA-N,Clc1c(S(=O)(=O)N)cc2S(=O)(=O)NCNc2c1
JZUTXVTYJDCMDU-UHFFFAOYSA-N,O(C)c1c(OC)ccc2C(C3N(C)CCc4c3cc3OCOc3c4)OC(=O)c12
KAATUXNTWXVJKI-UHFFFAOYSA-N,ClC(=CC1C(C)(C)C1C(=O)OC(C#N)c1cc(Oc2ccccc2)ccc1)Cl
KAESVJOAVNADME-UHFFFAOYSA-N,[nH]1cccc1
KANLOADZXMMCQA-UHFFFAOYSA-N,Cc1cc2c(c3c(cc2)cccc3)cc1
KDDQDUIBYASSFC-UHFFFAOYSA-N,FC(F)(F)c1c2[nH]c(=O)c3c(n(CC)c2nc(C)c1)nccc3
KDYFGRWQOYBRFD-UHFFFAOYSA-N,O=C(O)CCC(=O)O
KENZYIHFBRWMOD-UHFFFAOYSA-N,Clc1c(Cl)ccc(c2c(Cl)ccc(Cl)c2)c1
KFIRODWJCYBBHY-UHFFFAOYSA-N,O=[N+]([O-])c1c(C(=O)O)c(C(=O)O)ccc1
KFNNIILCVOLYIR-UHFFFAOYSA-N,O=COCCC
KFZMGEQAYNKOFK-UHFFFAOYSA-N,OC(C)C
KGVPNLBXJKTABS-UHFFFAOYSA-N,Oc1noc(C)c1
KHBQMWCZKVMBLN-UHFFFAOYSA-N,S(=O)(=O)(N)c1ccccc1
KHNYNFUTFKJLDD-UHFFFAOYSA-N,c12c3cccc1c1c4c(ccc1c2ccc3)cccc4
KIEDNEWSYUYDSN-UHFFFAOYSA-N,Clc1c(CN2C(=O)C(C)(C)CO2)cccc1
KIGQVWWOESIMBG-UHFFFAOYSA-N,O=C(O)CN(CCC#N)CCC#N
KIVUHCNVDWYUNP-UHFFFAOYSA-N,Nc1c2c(c3c(c4c(cc3)cccc4)c1)cccc2
KIWUVOGUEXMXSV-UHFFFAOYSA-N,S=C1SCC(=O)N1
KJONHKAYOJNZEC-UHFFFAOYSA-N,O=[N+]([O-])c1cc2C(=NCC(=O)Nc2cc1)c1ccccc1
KJVQYDYPDFFJMP-UHFFFAOYSA-N,S(=O)(=O)(Nc1scc(C)n1)c1ccc(N)cc1
KMAQZIILEGKYQZ-UHFFFAOYSA-N,Clc1cc([N+](=O)[O-])ccc1
KMRNTNDWADEIIX-UHFFFAOYSA-N,ICCC(=O)O
KNAHARQHSZJURB-UHFFFAOYSA-N,S=c1[nH]c(=O)cc(CCC)[nH]1
KOCYTWBTXZOUFS-UHFFFAOYSA-N,Cc1nc2ncncc2nc1
KPQZUUQMTUIKBP-UHFFFAOYSA-N,O=[N+]([O-])c1n(CC(O)C)c(C)nc1
KPSSIOMAKSHJJG-UHFFFAOYSA-N,OCC(C)(C)C
KQBFUDNJKCZEDQ-UHFFFAOYSA-N,Clc1c(Cl)c(Cl)cc(Cl)c1c1c(Cl)cc(Cl)c(Cl)c1
KQNPFQTWMSNSAP-UHFFFAOYSA-N,O=C(O)C(C)C
KRTSDMXIXPKRQR-UHFFFAOYSA-N,P(=O)(OC(=CC(=O)NC)C)(OC)OC
KSCFJBIXMNOVSH-UHFFFAOYSA-N,O=c1n(C)c(=O)c2n(CC(O)CO)cnc2n1C
KSFDHSSNYJNHAN-UHFFFAOYSA-N,CC1=Nc2c(N=C(C)C1)cccc2
KSMVNVHUTQZITP-UHFFFAOYSA-N,Clc1c(Cl)cc2c(oc3c2cc(Cl)c(Cl)c3)c1
KSUUMAWCGDNLFK-UHFFFAOYSA-N,O=C(NC(=O)C(C(C)C)CC=C)N
KTXUOWUHFLBZPW-UHFFFAOYSA-N,Clc1cc(c2cc(Cl)ccc2)ccc1
KUAZQDVKQLNFPE-UHFFFAOYSA-N,S(SC(=S)N(C)C)C(=S)N(C)C
KUCQYCKVKVOKAY-UHFFFAOYSA-N,Clc1ccc(C2CCC(C3=C(O)C(=O)c4c(C3=O)cccc4)CC2)cc1
KVBGVZZKJNLNJU-UHFFFAOYSA-N,S(=O)(=O)(O)c1cc2c(cc1)cccc2
KVFJBIQWENJTDM-UHFFFAOYSA-N,c12c3cc4c5c(ccc4c1CCc2ccc3)cccc5
KVZJLSYJROEPSQ-UHFFFAOYSA-N,CC1C(C)CCCC1
KWGRBVOPPLSCSI-WPRPVWTQSA-N,O[C@@H]([C@@H](NC)C)c1ccccc1
KXYFWLVSYHRZJL-UHFFFAOYSA-N,O=C(N(CC(C)C)CC(C)C)COC(=O)c1ccccc1
KZJRKRQSDZGHEC-UHFFFAOYSA-N,FC(F)(F)C(=O)c1ccccc1
KZNICNPSHKQLFF-UHFFFAOYSA-N,O=C1NC(=O)CC1
KZOFCELNVLSKGC-UHFFFAOYSA-N,O=C(NCCc1cc(OC)c(OC)cc1)CNc1cc(C(=O)N)ccc1
KZTYYGOKRVBIMI-UHFFFAOYSA-N,S(=O)(=O)(c1ccccc1)c1ccccc1
LAIUFBWHERIJIH-UHFFFAOYSA-N,C(CCCC)(CC)C
LCCNCVORNKJIRZ-UHFFFAOYSA-N,S=P(OCC)(OCC)Oc1ccc([N+](=O)[O-])cc1
LDCFNNYCIXKMNJ-UHFFFAOYSA-N,O=C(N(CC(O)C)CC(O)C)COC(=O)c1ccccc1
LEBVLXFERQHONN-UHFFFAOYSA-N,O=C(Nc1c(C)cccc1C)C1N(CCCC)CCCC1
LESVOLZBIFDZGS-UHFFFAOYSA-N,S(P(=O)(OC)OC)CCSC(C(=O)NC)C
LFKDJXLFVYVEFG-UHFFFAOYSA-N,O=C(OC(C)(C)C)N
LFQSCWFLJHTTHZ-UHFFFAOYSA-N,OCC
LFVLUOAHQIVABZ-UHFFFAOYSA-N,Ic1c(Cl)cc(OP(=S)(OC)OC)c(Cl)c1
LGDSHSYDSCRFAB-UHFFFAOYSA-N,S=C=NC
LHRCREOYAASXPZ-UHFFFAOYSA-N,c12c3c(ccc1cc1c4c(ccc1c2)cccc4)cccc3
LHXDLQBQYFFVNW-UHFFFAOYSA-N,O=C1C(C)(C)C2CC1(C)CC2
LINPVWIEWJTEEJ-UHFFFAOYSA-N,Clc1cc2C(O)(C(=O)OC)c3c(c2cc1)cccc3
LJCFRMUKLSCNKV-UHFFFAOYSA-N,O=C(N(CCOC)CCOC)COC(=O)c1ccccc1
LJOZMWRYMKECFF-UHFFFAOYSA-N,Ic1c(C(=O)Nc2ccccc2)cccc1
LKJPSUCKSLORMF-UHFFFAOYSA-N,Clc1ccc(NC(=O)N(OC)C)cc1
LKPLKUMXSAEKID-UHFFFAOYSA-N,Clc1c(Cl)c(Cl)c([N+](=O)[O-])c(Cl)c1Cl
LMHCYRULPLGEEZ-UHFFFAOYSA-N,ICCCCCCC
LMINNBXUMGNKMM-UHFFFAOYSA-N,O=C(O)Cc1cc2N(C)c3c(Sc2cc1)cccc3
LMTGCJANOQOGPI-UHFFFAOYSA-N,O=C(N(C)c1ccccc1)C
LMYRWZFENFIFIT-UHFFFAOYSA-N,S(=O)(=O)(N)c1ccc(C)cc1
LNVGTRNKWNAINT-UHFFFAOYSA-N,S(=O)(=O)(N)c1sc2C(O)CCS(=O)(=O)c2c1
LOAUVZALPPNFOQ-UHFFFAOYSA-N,O=C(O)c1nc2c(cc1)cccc2
LPAGFVYQRIESJQ-UHFFFAOYSA-N,N1c2c(cccc2)CC1
LQLIEICEYDIWLO-UHFFFAOYSA-N,O=C1C(CC(C)C)OC(O)C(Cc2ccccc2)N1
LQZZUXJYWNFBMV-UHFFFAOYSA-N,OCCCCCCCCCCCC
LRQUYRADZABVMX-UHFFFAOYSA-N,S(=O)(=O)(N)c1scc(S(=O)(=O)c2cc(O)ccc2)c1
LRUUNMYPIBZBQH-UHFFFAOYSA-N,Clc1c(Cl)ccc(n2c(=O)n(C)c(=O)o2)c1
LSPHULWDVZXLIL-UHFFFAOYSA-N,O=C(O)C1(C)C(C)(C)C(C(=O)O)CC1
LSXKDWGTSHCFPP-UHFFFAOYSA-N,BrCCCCCCC
LTEQMZWBSYACLV-UHFFFAOYSA-N,C(CCC)CCc1ccccc1
LUALIOATIOESLM-UHFFFAOYSA-N,OC1CCN(CCCN2c3c(Sc4c2cccc4)ccc(C#N)c3)CC1
LUKBXSAWLPMMSZ-OWOJBTEDSA-N,Oc1cc(O)cc(/C=C/c2ccc(O)cc2)c1
LVHBHZANLOWSRM-UHFFFAOYSA-N,O=C(O)C(=C)CC(=O)O
LWLJUMBEZJHXHV-UHFFFAOYSA-N,ClC1(C(=C(Cl)C(=C1Cl)Cl)Cl)C1(Cl)C(=C(Cl)C(=C1Cl)Cl)Cl
LWULXYSYLOIDQY-UHFFFAOYSA-N,O=[N+]([O-])c1c(OC(=O)C)c(C(C)(C)C)cc([N+](=O)[O-])c1C
LXMSZDCAJNLERA-ZHYRCANASA-N,S(C(=O)C)[C@H]1[C@H]2[C@H]3[C@@](C)([C@@]4(OC(=O)CC4)CC3)CC[C@@H]2[C@]2(C)C(=CC(=O)CC2)C1
LYCAIKOWRPUZTN-UHFFFAOYSA-N,OCCO
LYGJENNIWJXYER-UHFFFAOYSA-N,O=[N+]([O-])C
MAEIEVLCKWDQJH-UHFFFAOYSA-N,S(=O)(=O)(N)c1c(Oc2ccccc2)c(NCCCC)cc(C(=O)O)c1
MAZCFXDIYXGRAD-UHFFFAOYSA-N,S(=O)(=O)(N)c1sc2S(=O)(=O)CCC(O)c2c1
MBAIEZXRGAOPKH-UHFFFAOYSA-N,c12c3c4ccc1CCCc2ccc3CCC4
MBDMKWJEKDHRRP-UHFFFAOYSA-N,Clc1nc(N(NS(=O)(=O)c2c(C(=O)OCC)cccc2)C=O)nc(OC)c1
MBDUIEKYVPVZJH-UHFFFAOYSA-N,S(=O)(=O)(CC)CC
MBRLOUHOWLUMFF-UHFFFAOYSA-N,O(C)c1c(CC=C(C)C)c2oc(=O)ccc2cc1
MCOQHIWZJUDQIC-UHFFFAOYSA-N,ClCC#CCOC(=O)Nc1cc(Cl)ccc1
MCSAJNNLRCFZED-UHFFFAOYSA-N,O=[N+]([O-])CC
MCWXGJITAZMZEV-UHFFFAOYSA-N,S=P(SCC(=O)NC)(OC)OC
METKIMKYRPQLGS-UHFFFAOYSA-N,O=C(N)Cc1ccc(OCC(O)CNC(C)C)cc1
MFOUDYKPLGXPGO-UHFFFAOYSA-N,ClCC(=O)N(C(C)C)c1ccccc1
MGWAVDBGNNKXQV-UHFFFAOYSA-N,O=C(OCC(C)C)c1c(C(=O)OCC(C)C)cccc1
MHWLWQUZZRMNGJ-UHFFFAOYSA-N,O=C(O)c1c(=O)c2c(n(CC)c1)nc(C)cc2
MLKXDPUZXIRXEP-RQZCQDPDSA-N,S(=O)(C)c1ccc(/C=C/2\C(=C(CC(=O)O)c3c2ccc(F)c3)C)cc1
MLUCVPSAIODCQM-UHFFFAOYSA-N,O=CC=CC
MOCKWYUCPREFCZ-UHFFFAOYSA-N,O=C(NN)Nc1ccccc1
MORLYCDUFHDZKO-UHFFFAOYSA-N,P(=O)(O)(CCC(=O)O)c1ccccc1
MOYKHGMNXAOIAT-UHFFFAOYSA-N,O=[N+](OC1C2OCC(O[N+](=O)[O-])C2OC1)[O-]
MPHPHYZQRGLTBO-UHFFFAOYSA-N,O=C1C(CCC)C(=O)n2n1c(N(C)C)nc1c2cc(C)cc1
MQIUGAXCHLFZKX-UHFFFAOYSA-N,O=C(OCCCCCCCC)c1c(C(=O)OCCCCCCCC)cccc1
MQJKPEGWNLWLTK-UHFFFAOYSA-N,S(=O)(=O)(c1ccc(N)cc1)c1ccc(N)cc1
MSMHOCZOEWMZOH-UHFFFAOYSA-N,O=C(NC(CO)(CO)CO)COC(=O)c1ccccc1
MSXVEPNJUHWQHW-UHFFFAOYSA-N,OC(CC)(C)C
MTBZIGHNGSTDJV-UHFFFAOYSA-N,S=P(OCC)(OCC)N1C(=O)c2c(C1=O)cccc2
MTCPZNVSDFCBBE-UHFFFAOYSA-N,Clc1c(c2c(Cl)cccc2Cl)c(Cl)cc(Cl)c1
MUBZPKHOEPUJKR-UHFFFAOYSA-N,O=C(O)C(=O)O
MUKSMBAVCDPKRC-UHFFFAOYSA-N,O=C1N(C)c2c(Oc3ncc(N)cc13)cc(C)cc2
MVPPADPHJFYWMZ-UHFFFAOYSA-N,Clc1ccccc1
MVQVNTPHUGQQHK-UHFFFAOYSA-N,OCc1cnccc1
MWBPRDONLNQCFV-UHFFFAOYSA-N,ClC(=C(Cl)CSC(=O)N(C(C)C)C(C)C)Cl
MWKFXSUHUHTGQN-UHFFFAOYSA-N,OCCCCCCCCCC
MWOOGOJBHIARFG-UHFFFAOYSA-N,O=Cc1cc(OC)c(O)cc1
MWPLVEDNUUSJAV-UHFFFAOYSA-N,c12c(cc3c(c1)cccc3)cccc2
MWWATHDPGQKSAR-UHFFFAOYSA-N,C(#C)C
MXBNEEHQIDLPLQ-UHFFFAOYSA-N,O=C1N2C(C(=O)Nc3c1cccc3)CCC2
MXXWOMGUGJBKIW-UHFFFAOYSA-N,O=C(C=CC=Cc1cc2OCOc2cc1)N1CCCCC1
MZZBPDKVEFVLFF-UHFFFAOYSA-N,Clc1nc(NC(C#N)(C)C)nc(NCC)n1
NAEAAGULDNVNCW-UHFFFAOYSA-N,O=C(OCC)N1CCN(C(=O)OCC)CC1
NBBJYMSMWIIQGU-UHFFFAOYSA-N,O=CCC
NBFMTHWVRBOVPE-UHFFFAOYSA-N,Clc1cc2Oc3c(Oc2cc1)cc(Cl)cc3
NBQCNZYJJMBDKY-UHFFFAOYSA-N,Clc1c(=O)n(C(C)(C)C)c(=O)[nH]c1C
NCYHCGGUQGDEQW-UHFFFAOYSA-N,Clc1c(Cl)c(Cl)c(OC)c(OC)c1Cl
NDAUXUAQIAJITI-UHFFFAOYSA-N,OC(CNC(C)(C)C)c1cc(CO)c(O)cc1
NDDAHWYSQHTHNT-UHFFFAOYSA-N,Clc1c(S(=O)(=O)N)cc(C(=O)NN2C(C)Cc3c2cccc3)cc1
NFACJZMKEDPNKN-UHFFFAOYSA-N,ClC(Cl)(Cl)C(P(=O)(OC)OC)O
NFBOHOGPQUYFRF-UHFFFAOYSA-N,O1c2c(Oc3c1cccc3)cccc2
NGFMICBWJRZIBI-UHFFFAOYSA-N,O(c1c(CO)cccc1)C1C(O)C(O)C(O)C(CO)O1
NHOWDZOIZKMVAI-UHFFFAOYSA-N,Clc1c(C(O)(c2cncnc2)c2ccc(Cl)cc2)cccc1
NHPPIJMARIVBGU-UHFFFAOYSA-N,Ic1c2c(ccc1)cccc2
NHTGQOXRZFUGJX-UHFFFAOYSA-N,Clc1c(Cl)c(Cl)c2nccnc2c1Cl
NHTMVDHEPJAVLT-UHFFFAOYSA-N,C(CC(C)C)(C)(C)C
NIHNNTQXNPWCJQ-UHFFFAOYSA-N,c12c3c(cccc3)Cc1cccc2
NIPDVSLAMPAWTP-UHFFFAOYSA-N,O=[N+]([O-])c1cc(N)c(OC)cc1
NKDDWNXOKDWJAK-UHFFFAOYSA-N,O(COC)C
NKPDCGFEJUINIK-UHFFFAOYSA-N,S(=O)(=O)(N)c1occ(S(=O)(=O)c2ccc(O)cc2)c1
NMWSKOLWZZWHPL-UHFFFAOYSA-N,Clc1cc(c2ccccc2)ccc1
NOOBQTYVTDBXTL-UHFFFAOYSA-N,S(=O)(=O)(N)c1sc2c(n1)ccc(O)c2
NOQGZXFMHARMLW-UHFFFAOYSA-N,O=C(O)CCC(=O)NN(C)C
NPPQSCRMBWNHMW-UHFFFAOYSA-N,O=C(OCC(COC(=O)N)(CCC)C)N
NPUKDXXFDDZOKR-UHFFFAOYSA-N,O=C(OCC)c1n(C(C)c2ccccc2)cnc1
NQDJXKOVJZTUJA-UHFFFAOYSA-N,O=c1[nH]c2c(C)ccnc2n(C2CC2)c2ncccc12
NQRLPDFELNCFHW-UHFFFAOYSA-N,O=[N+]([O-])c1ccc(NC(=O)C)cc1
NQRYJNQNLNOLGT-UHFFFAOYSA-N,N1CCCCC1
NRGGMCIBEHEAIL-UHFFFAOYSA-N,C(C)c1ncccc1
NRXQIUSYPAHGNM-UHFFFAOYSA-N,Ic1c(O)c(I)cc(C#N)c1
NSMWYRLQHIXVAP-UHFFFAOYSA-N,CC1NCC(C)NC1
NTBYINQTYWZXLH-UHFFFAOYSA-N,Clc1c(Cl)ccc([N+](=O)[O-])c1
NURQLCJSMXZBPC-UHFFFAOYSA-N,Cc1c(C)ccnc1
NVKAWKQGWWIWPM-UHFFFAOYSA-N,O=C1CC2C(C)(C3C(C4C(C)(C(O)CC4)CC3)CC2)CC1
NXBNYUSXDBHELA-UHFFFAOYSA-N,O=C(C=Cc1ccc(OC)cc1)c1c(O)cccc1
NXFQHRVNIOXGAQ-YCRREMRBSA-N,O=[N+]([O-])c1oc(/C=N/N2C(=O)NC(=O)C2)cc1
NXQDBZGWYSEGFL-UHFFFAOYSA-N,Clc1ccc(N(C(=O)CSP(=S)(OC)OC)C(C)C)cc1
NYHAZDHVIPVSDM-UHFFFAOYSA-N,ON=C1C(=NO)CCC(C(C)C)C1
NYQDCVLCJXRDSK-UHFFFAOYSA-N,Brc1c(Cl)cc(OP(=S)(OC)OC)c(Cl)c1
NZDAAPUTURAWII-UHFFFAOYSA-N,O=C(NC(=O)C)COC(=O)c1ccccc1
NZNPHIKNHGRVLZ-UHFFFAOYSA-N,O=C(NC(C)(C)C)COC(=O)c1ccccc1
OBKHYUIZSOIEPG-UHFFFAOYSA-N,CC1(C)CC(C)CC1
OBMLHUPNRURLOK-UHFFFAOYSA-N,OC1C2(C)C(C3C(C4(C)C(CC5SC5C4)CC3)CC2)CC1
ODCWYMIRDDJXKW-UHFFFAOYSA-N,Clc1nc(NCC)nc(NCC)n1
OFDYMSKSGFSLLM-UHFFFAOYSA-N,FC(F)(F)c1c(N)c([N+](=O)[O-])c(N(CC)CC)c([N+](=O)[O-])c1
OGBQILNBLMPPDP-UHFFFAOYSA-N,Clc1c(Cl)c2oc3c(c2cc1Cl)cc(Cl)c(Cl)c3
OGDVEMNWJVYAJL-UHFFFAOYSA-N,O(CC)c1c2OC3C(O)C=CC4C53c2c(cc1)CC4N(C)CC5
OGHNVEJMJSYVRP-UHFFFAOYSA-N,O(CCNCC(O)COc1c2c([nH]c3c2cccc3)ccc1)c1c(OC)cccc1
OGJPXUAPXNRGGI-UHFFFAOYSA-N,Fc1c(N2CCNCC2)cc2n(CC)cc(C(=O)O)c(=O)c2c1
OISVCGZHLKNMSJ-UHFFFAOYSA-N,Cc1nc(C)ccc1
OJPDDQSCZGTACX-UHFFFAOYSA-N,OCCN(CCO)c1ccccc1
OJXOXNIZNJIMLU-UHFFFAOYSA-N,S(=O)(=O)(N)c1scc(C(=O)c2ccc(O)cc2)c1
OKKJLVBELUTLKV-UHFFFAOYSA-N,OC
OKQHSIGMOWQUIK-UHFFFAOYSA-N,O(CCO)Cn1c2nc(N)ncc2nc1
OKXVARYIKDXAEO-UHFFFAOYSA-N,OC(C(C)(C)C)(C)C
ONKUXPIBXRRIDU-UHFFFAOYSA-N,O=C(OCC)CCCCCCCCC(=O)OCC
ONUFESLQCSAYKA-UHFFFAOYSA-N,Clc1cc(Cl)cc(N2C(=O)N(C(=O)NC(C)C)CC2=O)c1
ONXPZLFXDMAPRO-UHFFFAOYSA-N,Clc1c(Cl)c(Cl)c(c(Cl)c1Cl)c1c(Cl)c(Cl)c(Cl)c(Cl)c1Cl
OPNPQXLQERQBBV-UHFFFAOYSA-N,BrC(C(=O)NC(=O)N)(CC)CC
OQANPHBRHBJGNZ-BKUYFWCQSA-N,S(=O)(=O)(Nc1ncccc1)c1ccc(N/N=C/2\C=C(C(=O)O)C(=O)C=C2)cc1
OQEBBZSWEGYTPG-UHFFFAOYSA-N,O=C(O)CC(N)C
OQZCSNDVOWYALR-UHFFFAOYSA-N,ClCC1C(Cl)C(=O)N(c2cc(C(F)(F)F)ccc2)C1
ORNBQBCIOKFOEO-UHFFFAOYSA-N,O=C(C)C1C2(C)C(C3C(C4(C)C(=CC3)CC(O)CC4)CC2)CC1
OSSQSXOTMIGBCF-UHFFFAOYSA-N,C(#C)CCCCCCC
OTKXWJHPGBRXCR-UHFFFAOYSA-N,Clc1c(OP(=S)(OC)OC)ccc([N+](=O)[O-])c1
OTLNPYWUJOZPPA-UHFFFAOYSA-N,O=[N+]([O-])c1ccc(C(=O)O)cc1
OTQFXRBLGNEOGH-UHFFFAOYSA-N,Clc1c2Oc3c(c(Cl)cc(Cl)c3)Oc2cc(Cl)c1
OTVAEFIXJLOWRX-UHFFFAOYSA-N,ClC(Cl)C(=O)NC(C(O)c1ccc(S(=O)(=O)C)cc1)CO
OUDSBRTVNLOZBN-UHFFFAOYSA-N,S(=O)(=O)(NC(=O)NN1CCCCCC1)c1ccc(C)cc1
OWWVHQUOYSPNNE-UHFFFAOYSA-N,O=C(OCCN(CC)CC)c1ccc(OCC)cc1
OWZPCEFYPSAJFR-UHFFFAOYSA-N,O=[N+]([O-])c1c(O)c(C(CC)C)cc([N+](=O)[O-])c1
OXNIZHLAWKMVMX-UHFFFAOYSA-N,O=[N+]([O-])c1c(O)c([N+](=O)[O-])cc([N+](=O)[O-])c1
OXQGTIUCKGYOAA-UHFFFAOYSA-N,O=C(O)C(CC)CC
OZWKMVRBQXNZKK-UHFFFAOYSA-N,O=C(c1n2c(C(C(=O)O)CC2)cc1)c1ccccc1
PAMIQIKDUOTOBW-UHFFFAOYSA-N,CN1CCCCC1
PAYRUJLWNCNPSJ-UHFFFAOYSA-N,Nc1ccccc1
PBAYDYUZOSNJGU-UHFFFAOYSA-N,O=C(O)c1oc(C(=O)O)cc(=O)c1
PBBGSZCBWVPOOL-UHFFFAOYSA-N,Oc1ccc(C(C(CC)c2ccc(O)cc2)CC)cc1
PBMFSQRYOILNGV-UHFFFAOYSA-N,n1ncccc1
PDQAZBWRQCGBEV-UHFFFAOYSA-N,S=C1NCCN1
PDRGHUMCVRDZLQ-UHFFFAOYSA-N,O=C1C2(C)C(c3c(c4c(cc(O)cc4)cc3)CC2)CC1
PEDCQBHIVMGVHV-UHFFFAOYSA-N,OC(CO)CO
PEQHIRFAKIASBK-UHFFFAOYSA-N,C(c1ccccc1)(c1ccccc1)(c1ccccc1)c1ccccc1
PFIADAMVCJPXSF-UHFFFAOYSA-N,Clc1c(OC)cc(Cl)c(OC)c1
PHEOVVDXTQVHAZ-UHFFFAOYSA-N,O=C(OCC(=O)C1(O)C2(C)C(C3C(C4(C)C(=CC(=O)C=C4)CC3)C(O)C2)CC1)C(C)(C)C
PHTQWCKDNZKARW-UHFFFAOYSA-N,OCCC(C)C
PJANXHGTPQOBST-VAWYXSNFSA-N,C(=C\c1ccccc1)/c1ccccc1
PJGSXYOJTGTZAV-UHFFFAOYSA-N,O=C(C(C)(C)C)C
PKOFBDHYTMYVGJ-UHFFFAOYSA-N,S(=O)(=O)(N)c1ccc(NC(=O)C)cc1
PLAZTCDQAHEYBI-UHFFFAOYSA-N,O=[N+]([O-])c1c(C)cccc1
PNVJTZOFSHSLTO-UHFFFAOYSA-N,S=P(OC)(OC)Oc1cc(C)c(SC)cc1
POAOYUHQDCAZBD-UHFFFAOYSA-N,O(CCO)CCCC
POULHZVOKOAJMA-UHFFFAOYSA-N,O=C(O)CCCCCCCCCCC
POZRVZJJTULAOH-UHFFFAOYSA-N,OC1(C#C)C2(C)C(C3C(C4(C)C(=Cc5oncc5C4)CC3)CC2)CC1
PPQNQXQZIWHJRB-UHFFFAOYSA-N,Cc1c2c3c(cc4c5c(ccc4c3CC2)cccc5)cc1
PQSUYGKTWSAVDQ-ZVIOFETBSA-N,O=C(CO)[C@@H]1[C@]2(C=O)[C@H]([C@H]3[C@H]([C@@H](O)C2)[C@]2(C)C(=CC(=O)CC2)CC3)CC1
PRLMFHYBTOQSLN-UHFFFAOYSA-N,S(C)c1nc(N(C)C)nc(N(C)C)n1
PTFJIKYUEPWBMS-UHFFFAOYSA-N,FC(F)(F)c1cc([N+](=O)[O-])c(N(CC(=C)C)CC)c([N+](=O)[O-])c1
PUFQVTATUTYEAL-UHFFFAOYSA-N,O=C(NCCN(CC)CC)c1c2c(nc(OCCCC)c1)cccc2
PUIYMUZLKQOUOZ-UHFFFAOYSA-N,O=C(N(C)C)Nc1ccc(C(C)C)cc1
PUJDIJCNWFYVJX-UHFFFAOYSA-N,O=C(OCc1ccccc1)N
PUXBGTOOZJQSKH-UHFFFAOYSA-N,Clc1cc2c([nH]c3c2ccc(C(C(=O)O)C)c3)cc1
PWATWSYOIIXYMA-UHFFFAOYSA-N,C(CCc1ccccc1)CC
PWNAWOCHVWERAR-UHFFFAOYSA-N,Clc1c(CN(CC)c2c([N+](=O)[O-])cc(C(F)(F)F)cc2[N+](=O)[O-])c(F)ccc1
PXWLVJLKJGVOKE-UHFFFAOYSA-N,O=c1n(n(C)c(C)c1C(C)C)c1ccccc1
PXWUKZGIHQRDHL-UHFFFAOYSA-N,O(C)c1nc(NC(C)C)nc(NCC)n1
PYGXAGIECVVIOZ-UHFFFAOYSA-N,O=C(OCCCC)CCCCCCCCC(=O)OCCCC
QANMHLXAZMSUEX-UHFFFAOYSA-N,N(Cc1occc1)c1ncnc2[nH]cnc12
QAYICIQNSGETAS-UHFFFAOYSA-N,S=C1N(C)CN(C)CS1
QBSJMKIUCUGGNG-UHFFFAOYSA-N,O=C(Oc1c(C(C)C)cccc1)NC
QBYJBZPUGVGKQQ-SJJAEHHWSA-N,ClC1(Cl)[C@]2(Cl)C(=C(Cl)[C@@]1(Cl)[C@@H]1[C@H]2[C@H]2C=C[C@@H]1C2)Cl
QCDWFXQBSFUVSP-UHFFFAOYSA-N,O(CCO)c1ccccc1
QCKHVNQHBOGZER-UHFFFAOYSA-N,Brc1c(Br)cc(Br)c(Br)c1
QCRFMSUKWRQZEM-UHFFFAOYSA-N,OC1CCCCCC1
QFMDFTQOJHFVNR-UHFFFAOYSA-N,ClC(Cl)C(c1ccc(CC)cc1)c1ccc(CC)cc1
QGBSISYHAICWAH-UHFFFAOYSA-N,N#CN=C(N)N
QHTQREMOGMZHJV-UHFFFAOYSA-N,Clc1ccc(CSC(=O)N(CC)CC)cc1
QHXDTLYEHWXDSO-UHFFFAOYSA-N,Clc1nc(N(CC)CC)nc(N(CC)CC)n1
QIBWCUCLHZVYNL-UHFFFAOYSA-N,O=c1n(C)c2c(n(CC)c3ncccc13)cccc2
QIGBRXMKCJKVMJ-UHFFFAOYSA-N,Oc1ccc(O)cc1
QIQXTHQIDYTFRH-UHFFFAOYSA-N,O=C(O)CCCCCCCCCCCCCCCCC
QKLSCPPJEVXONT-UHFFFAOYSA-N,S(=O)(=O)(Nc1nc(C)nc(OC)c1)c1ccc(N)cc1
QNAYBMKLOCPYGJ-UHFFFAOYSA-N,O=C(O)C(N)C
QNIUOGIMJWORNZ-UHFFFAOYSA-N,O=C(OCCN(CC)CC)c1ccc(OCCCC)cc1
QPPBRPIAZZHUNT-UHFFFAOYSA-N,S(=O)(=O)(Nc1nc(C)ccn1)c1ccc(N)cc1
QQBKLRXLVRDKEB-UHFFFAOYSA-N,O=C1N(CO)C(=O)NC1(c1ccccc1)c1ccccc1
QQODLKZGRKWIFG-UHFFFAOYSA-N,ClC(=CC1C(C)(C)C1C(=O)OC(C#N)c1cc(Oc2ccccc2)c(F)cc1)Cl
QRXWMOHMRWLFEY-UHFFFAOYSA-N,O=C(NN)c1ccncc1
QSNYNWOQOIJCFV-UHFFFAOYSA-N,Fc1c(N2CC(NC)C2)c(F)cc2c(=O)c(C(=O)O)cn(C3CC3)c12
QTBSBXVTEAMEQO-UHFFFAOYSA-N,O=C(O)C
QTSBFJRVBUIZJC-UHFFFAOYSA-N,Ic1cc(Nc2ncnc3c2cc2OC(COC)COc2c3)ccc1
QUBSMEXIPLOOMC-UHFFFAOYSA-N,S(=O)(=O)(N)c1sc2SCCC(O)c2c1
QUEKGYQTRJVEQC-UHFFFAOYSA-N,Clc1c(C(=O)O)cc([N+](=O)[O-])cc1
QUIKDFWIKDMXIO-UHFFFAOYSA-N,O=C(COC(=O)c1ccccc1)N1C(C(=O)N)CCC1
QUWAJPZDCZDTJS-UHFFFAOYSA-N,S(=O)(=O)(c1c(O)cccc1)c1c(O)cccc1
QVHJQCGUWFKTSE-YFKPBYRVSA-N,O=C(OC(C)(C)C)N[C@H](C(=O)O)C
QWCJHSGMANYXCW-UHFFFAOYSA-N,S(=O)(=O)(Nc1n(c2ccccc2)ncc1)c1ccc(N)cc1
QWCKQJZIFLGMSD-UHFFFAOYSA-N,O=C(O)C(N)CC
QWUWMCYKGHVNAV-UHFFFAOYSA-N,C(Cc1ccccc1)c1ccccc1
QWVGKYWNOKOFNN-UHFFFAOYSA-N,Oc1c(C)cccc1
QXBUYALKJGBACG-UHFFFAOYSA-N,CN1c2c(Sc3c1cccc3)cccc2
QXJKBPAVAHBARF-UHFFFAOYSA-N,Clc1cc(Cl)cc(N2C(=O)C3(C)C(C)(C2=O)C3)c1
QXKHYNVANLEOEG-UHFFFAOYSA-N,O(C)c1c2occc2cc2c1oc(=O)cc2
QYPNKSZPJQQLRK-UHFFFAOYSA-N,O=C(N(NC(=O)c1ccc(CC)cc1)C(C)(C)C)c1cc(C)cc(C)c1
RDJGWRFTDZZXSM-UHFFFAOYSA-N,O(Cc1ccccc1)c1c2OC3C(O)C=CC4C53c2c(cc1)CC4N(C)CC5
RDLPVSKMFDYCOR-UEKVPHQBSA-N,O=C(N[C@@H]1C(=O)N2C(=C(C)CS[C@H]12)C(=O)O)[C@H](N)C1=CCC=CC1
RDXLYGJSWZYTFJ-UHFFFAOYSA-N,O=[N+]([O-])c1sc(N2C(=O)NCC2)nc1
REIUXOLGHVXAEO-UHFFFAOYSA-N,OCCCCCCCCCCCCCCC
REKQLYUAUXYJSZ-UHFFFAOYSA-N,O=C(NN)c1ccc(OC)cc1
RFDAIACWWDREDC-UHFFFAOYSA-N,O=C(O)CNC(=O)CCC(C)C1C2(C)C(O)CC3C4(C)C(CC(O)C3C2CC1)CC(O)CC4
RFMMMVDNIPUKGG-UHFFFAOYSA-N,O=C(O)C(NC(=O)C)CCC(=O)O
RGCVKNLCSQQDEP-UHFFFAOYSA-N,Clc1cc2N(CCCN3CCN(CCO)CC3)c3c(Sc2cc1)cccc3
RGXWDWUGBIJHDO-UHFFFAOYSA-N,O=C(OCC)CCCCCCCCC
RHIROFAGUQOFLU-UHFFFAOYSA-N,Clc1c(Cl)c(Cl)c2c(c1Cl)oc1c(Cl)c(Cl)c(Cl)c(Cl)c21
RIGBPMDIGYBTBJ-UHFFFAOYSA-N,S(=O)(=O)(NC(=O)NC1CCCCC1)c1ccc(C)cc1
RIZMRRKBZQXFOY-UHFFFAOYSA-N,S=P(SCSP(=S)(OCC)OCC)(OCC)OCC
RJKGJBPXVHTNJL-UHFFFAOYSA-N,O=[N+]([O-])c1c2c(ccc1)cccc2
RJMIEHBSYVWVIN-UHFFFAOYSA-N,O=C(O)C(C)c1ccc(N2C(=O)c3c(cccc3)C2)cc1
RJMUSRYZPJIFPJ-UHFFFAOYSA-N,Clc1c(NC(=O)c2c(O)ccc(Cl)c2)ccc([N+](=O)[O-])c1
RJNJWHFSKNJCTB-UHFFFAOYSA-N,O=C(NCc1ccccc1)N
RJTJVVYSTUQWNI-UHFFFAOYSA-N,C(C)c1cc2c(cc1)cccc2
RJUFJBKOKNCXHH-UHFFFAOYSA-N,O=C(OC)CC
RKUNBYITZUJHSG-LGGPCSOHSA-N,O=C(OC1CC2N(C)C(C1)CC2)[C@H](CO)c1ccccc1
RKWGIWYCVPQPMF-UHFFFAOYSA-N,Clc1ccc(S(=O)(=O)NC(=O)NCCC)cc1
RLBIQVVOMOPOHC-UHFFFAOYSA-N,S=P(OC)(OC)Oc1ccc([N+](=O)[O-])cc1
RLFWWDJHLFCNIJ-UHFFFAOYSA-N,O=c1n(n(C)c(C)c1N)c1ccccc1
RLLPVAHGXHCWKJ-UHFFFAOYSA-N,ClC(=CC1C(C)(C)C1C(=O)OCc1cc(Oc2ccccc2)ccc1)Cl
RLPGDEORIPLBNF-UHFFFAOYSA-N,C(C(C)C)(C(C)C)C
RLSSMJSEOOYNOY-UHFFFAOYSA-N,Oc1cc(C)ccc1
RMBFBMJGBANMMK-UHFFFAOYSA-N,O=[N+]([O-])c1c(C)ccc([N+](=O)[O-])c1
RMOUBSOVHSONPZ-UHFFFAOYSA-N,O=COC(C)C
RNFNDJAIBTYOQL-UHFFFAOYSA-N,ClC(Cl)(Cl)C(O)O
RNVCVTLRINQCPJ-UHFFFAOYSA-N,Nc1c(C)cccc1
RNWGZXAHUPFXLL-UHFFFAOYSA-N,O=[N+]([O-])c1cc2C(=O)OCc2cc1
RPUMZMSNLZHIGZ-UHFFFAOYSA-N,Clc1c(Cl)c(c2c(Cl)cc(Cl)c(Cl)c2)ccc1Cl
RQVYBGPQFYCBGX-UHFFFAOYSA-N,S(C)c1nc(NC(C)C)nc(NCC)n1
RQZAXGRLVPAYTJ-UHFFFAOYSA-N,O=C(OC1(C(=O)C)C2(C)C(C3C=C(C)C4=CC(=O)CCC4(C)C3CC2)CC1)C
RRNIZKPFKNDSRS-UHFFFAOYSA-N,S(=O)(=O)(NCCSP(=S)(OC(C)C)OC(C)C)c1ccccc1
RSDMFNVRFBIYRK-UHFFFAOYSA-N,O=C(COC(=O)c1ccccc1)N1CCC1
RTHCYVBBDHJXIQ-UHFFFAOYSA-N,FC(F)(F)c1ccc(OC(CCNC)c2ccccc2)cc1
RTZKZFJDLAIYFH-UHFFFAOYSA-N,O(CC)CC
RTZZCYNQPHTPPL-UHFFFAOYSA-N,O=[N+]([O-])c1cc(O)ccc1
RVCTZJVBWNFYRU-UHFFFAOYSA-N,Brc1c([N+](=O)[O-])cc(C(=O)O)cc1
RWLALWYNXFYRGW-UHFFFAOYSA-N,OC(C(CO)CC)CCC
RWNKSTSCBHKHTB-UHFFFAOYSA-N,ClC(=C(Cl)C(=C(Cl)Cl)Cl)Cl
RWRDLPDLKQPQOW-UHFFFAOYSA-N,N1CCCC1
RXKNNAKAVAHBNK-UHFFFAOYSA-N,O=[N+]([O-])c1cc[n+]([O-])cc1
RXQCEGOUSFBKPI-UHFFFAOYSA-N,O=[N+]([O-])c1cc(N)c(OCCC)cc1
RZFZBHKDGHISSH-UHFFFAOYSA-N,Clc1c(c(Cl)cc(Cl)c1)c1ccc(Cl)cc1
RZILCCPWPBTYDO-UHFFFAOYSA-N,FC(F)(F)c1cc(NC(=O)N(C)C)ccc1
RZTAMFZIAATZDJ-UHFFFAOYSA-N,Clc1c(Cl)cccc1C1C(=C(C)NC(=C1C(=O)OC)C)C(=O)OCC
RZVHIXYEVGDQDX-UHFFFAOYSA-N,O=C1c2c(C(=O)c3c1cccc3)cccc2
SAOKZLXYCUGLFA-UHFFFAOYSA-N,O=C(OCC(CCCC)CC)CCCCC(=O)OCC(CCCC)CC
SBPBAQFWLVIOKP-UHFFFAOYSA-N,Clc1c(Cl)cc(Cl)c(OP(=S)(OCC)OCC)n1
SBYAVOHNDJTVPA-UHFFFAOYSA-N,O=C(NCC(C)C)N1C(=O)NCC1
SBZXBUIDTXKZTM-UHFFFAOYSA-N,O(CCOC)CCOC
SDDBCEWUYXVGCQ-UHFFFAOYSA-N,Cc1c2c(c(C)ccc2)ccc1
SDKQRNRRDYRQKY-UHFFFAOYSA-N,O=C(Oc1c(C2OCCO2)cccc1)NC
SDOJHDGZFOGOFD-UHFFFAOYSA-N,Cc1c(C)c2c(c3c1c1c(cc3)cccc1)cccc2
SECXISVLQFMRJM-UHFFFAOYSA-N,O=C1N(C)CCC1
SGEJQUSYQTVSIU-UHFFFAOYSA-N,S(C(=O)N(CCCC)CC)CCC
SGMHGVVTMOGJMX-UHFFFAOYSA-N,SCC(=O)Nc1cc2c(cc1)cccc2
SGUAFYQXFOLMHL-UHFFFAOYSA-N,O=C(N)c1c(O)ccc(C(O)CNC(CCc2ccccc2)C)c1
SJNIEBAPMPLYAB-UHFFFAOYSA-N,Clc1c(=O)oc2c(c1C)cc(OP(=S)(OCC)OCC)cc2
SJRJJKPEHAURKC-UHFFFAOYSA-N,CN1CCOCC1
SKGXYFVQZVPEFP-UHFFFAOYSA-N,Clc1c(Cl)c2Oc3c(Oc2cc1Cl)cc(Cl)cc3
SKIVFJLNDNKQPD-UHFFFAOYSA-N,S(=O)(=O)(NC(=O)C)c1ccc(N)cc1
SKKTUOZKZKCGTB-UHFFFAOYSA-N,O=C(OCCCC)N
SLAMLWHELXOEJZ-UHFFFAOYSA-N,O=[N+]([O-])c1c(C(=O)O)cccc1
SLGBZMMZGDRARJ-UHFFFAOYSA-N,c12c(c3c(c4c1cccc4)cccc3)cccc2
SLXKOJJOQWFEFD-UHFFFAOYSA-N,O=C(O)CCCCCN
SLZWBCGZQRRUNG-UHFFFAOYSA-N,O=C(Oc1cc(C(C)(C)C)cc(C(C)(C)C)c1)NC
SMDHCQAYESWHAE-UHFFFAOYSA-N,FC(F)(F)c1cc([N+](=O)[O-])c(N(CCCC)CC)c([N+](=O)[O-])c1
SMQUZDBALVYZAC-UHFFFAOYSA-N,O=Cc1c(O)cccc1
SNHRLVCMMWUAJD-SUYDQAKGSA-N,F[C@]12[C@@H](O)C[C@]3(C)[C@@](OC(=O)CCCC)(C(=O)CO)[C@@H](C)C[C@H]3[C@@H]1CCC1=CC(=O)C=C[C@]21C
SNHRLVCMMWUAJD-UHFFFAOYSA-N,FC12C3(C)C(=CC(=O)C=C3)CCC1C1C(C)(C(OC(=O)CCCC)(C(=O)CO)C(C)C1)CC2O
SNICXCGAKADSCV-UHFFFAOYSA-N,CN1C(c2cnccc2)CCC1
SNIOPGDIGTZGOP-UHFFFAOYSA-N,O=[N+](OC(CO[N+](=O)[O-])CO[N+](=O)[O-])[O-]
SNWQKAWITMVCQW-UHFFFAOYSA-N,S(=O)(=O)(NC(=O)C)c1ccc(NC(=O)c2c(C(=O)O)cccc2)cc1
SONNWYBIRXJNDC-VIFPVBQESA-N,O[C@@H](CNC)c1cc(O)ccc1
SPANOECCGNXGNR-UHFFFAOYSA-N,ClC(=CCl)CSC(=O)N(C(C)C)C(C)C
SPFYMRJSYKOXGV-UHFFFAOYSA-N,Fc1c(N2CCN(CC)CC2)cc2n(C3CC3)cc(C(=O)O)c(=O)c2c1
SPSSULHKWOKEEL-UHFFFAOYSA-N,O=[N+]([O-])c1c(C)c([N+](=O)[O-])cc([N+](=O)[O-])c1
SSLKKMZJCJBOML-UHFFFAOYSA-N,Clc1nnc(SCC(=O)N(CC)CC)cc1
STCOOQWBFONSKY-UHFFFAOYSA-N,P(=O)(OCCCC)(OCCCC)OCCCC
SUSRORUBZHMPCO-UHFFFAOYSA-N,Clc1c(Oc2cc(C(=O)OC)c([N+](=O)[O-])cc2)ccc(Cl)c1
SVFKQHLOBRUZGV-UHFFFAOYSA-N,O=c1n(C)c2c(n(CC)c3ncccc13)nccc2
SYBYTAAJFKOIEJ-UHFFFAOYSA-N,O=C(C(C)C)C
SZYWFOPNFNROQB-UHFFFAOYSA-N,Clc1c(Cl)cc(Cl)c2nsnc12
TUNFSRHWOTWDNC-UHFFFAOYSA-N,O=C(O)CCCCCCCCCCCCC
TVMXDCGIABBOFY-UHFFFAOYSA-N,C(CCCC)CCC
TXCDCPKCNAJMEE-UHFFFAOYSA-N,o1c2c(c3c1cccc3)cccc2
TXVHTIQJNYSSKO-UHFFFAOYSA-N,c12c3c4c5c(c1cccc2ccc3ccc4)cccc5
TYHHDWAHJRRYCU-UHFFFAOYSA-N,O=[N+]([O-])c1c(OCC(=O)O)cccc1
TYMLOMAKGOJONV-UHFFFAOYSA-N,O=[N+]([O-])c1ccc(N)cc1
TZFWDZFKRBELIQ-UHFFFAOYSA-N,Clc1cc2[nH]c(=O)oc2cc1
TZIHFWKZFHZASV-UHFFFAOYSA-N,O=COC
TZYQTWHRLVDYPL-UHFFFAOYSA-N,O=C1N=CN=CC1
UAYYWDWWESZIPA-UHFFFAOYSA-N,Fc1c(N2CC(N)(C)C2)cc2n(C3CC3)cc(C(=O)O)c(=O)c2c1
UBUCNCOMADRQHX-UHFFFAOYSA-N,O=NN(c1ccccc1)c1ccccc1
UCIUVGVKELKZSD-UHFFFAOYSA-N,O=C(N(CCO)CCO)COC(=O)c1ccccc1
UCMIRNVEIXFBKS-UHFFFAOYSA-N,O=C(O)CCN
UCNVFOCBFJOQAL-UHFFFAOYSA-N,ClC(=C(c1ccc(Cl)cc1)c1ccc(Cl)cc1)Cl
UCTWMZQNUQWSLP-UHFFFAOYSA-N,OC(CNC)c1cc(O)c(O)cc1
UDUNORRTIFRHKX-UHFFFAOYSA-N,ClC1=C(NC2C=C(CC(=O)OCC(=O)NC(C(=O)OC)C(C)C)C=CC=C2)C(Cl)C=CC=C1
UEJJHQNACJXSKW-UHFFFAOYSA-N,O=C1C(N2C(=O)c3c(C2=O)cccc3)CCC(=O)N1
UFNIBRDIUNVOMX-UHFFFAOYSA-N,Clc1c(c2ccc(Cl)cc2)cccc1
UFQCLRMJHOWNLX-UHFFFAOYSA-N,Brc1cc(Nc2ncnc3c2cc2OC(COC)COc2c3)ccc1
UGQVTTBSGZLNIL-UHFFFAOYSA-N,S(=O)(=O)(N)c1sc2C(O)CCSc2c1
UJOBWOGCFQCDNV-UHFFFAOYSA-N,[nH]1c2c(c3c1cccc3)cccc2
ULBXWWGWDPVHAO-UHFFFAOYSA-N,Clc1cc(NC(=O)OC(C#C)C)ccc1
ULSIYEODSMZIPX-UHFFFAOYSA-N,OC(CN)c1ccccc1
UMGDCJDMYOKAJW-UHFFFAOYSA-N,S=C(N)N
UMIPWJGWASORKV-UHFFFAOYSA-N,C(#C)CCCCCC
UNAHYJYOSSSJHH-UHFFFAOYSA-N,S(=O)(=O)(N)c1cc([N+](=O)[O-])c(N(CCC)CCC)c([N+](=O)[O-])c1
UNXHWFMMPAWVPI-UHFFFAOYSA-N,OC(C(O)CO)CO
UOAMTSKGCBMZTC-UHFFFAOYSA-N,ClC(Cl)(Cl)C(O)(c1ccc(Cl)cc1)c1ccc(Cl)cc1
UPMXNNIRAGDFEH-UHFFFAOYSA-N,Brc1c(O)c(Br)cc(C#N)c1
UPTOWXNJLZJTGD-UHFFFAOYSA-N,O=[N+]([O-])c1c(OC)ccc(OC)c1
UQDUPQYQJKYHQI-UHFFFAOYSA-N,O=C(OC)CCCCCCCCCCC
UQIKOYWGLUXMNE-UHFFFAOYSA-N,O=C(COC(=O)c1ccccc1)N1C(C(=O)OC)CCC1
URAYPUMNDPQOKB-UHFFFAOYSA-N,O=C(OC(COC(=O)C)COC(=O)C)C
UREBDLICKHMUKA-DVTGEIKXSA-N,F[C@]12[C@@H](O)C[C@]3(C)[C@@](O)(C(=O)CO)[C@@H](C)C[C@H]3[C@@H]1CCC1=CC(=O)C=C[C@]21C
UVKZSORBKUEBAZ-UHFFFAOYSA-N,C(N1CCN(C)CC1)(c1ccccc1)c1ccccc1
UVTNFZQICZKOEM-UHFFFAOYSA-N,O=C(N)C(CCN(C(C)C)C(C)C)(c1ncccc1)c1ccccc1
UYXAWHWODHRRMR-UHFFFAOYSA-N,O=C1N(C)C(=O)NC(=O)C1(C)C1=CCCCC1
VAOCPAMSLUNLGC-UHFFFAOYSA-N,O=[N+]([O-])c1n(CCO)c(C)nc1
VDAMAZDKFJYVCT-UHFFFAOYSA-N,S(=O)(=O)(N)c1scc(S(=O)(=O)c2ccc(OC)cc2)c1
VDTNNGKXZGSZIP-UHFFFAOYSA-N,S(=O)(=O)(NC(=O)NCCCC)c1ccc(N)cc1
VGGSQFUCUMXWEO-UHFFFAOYSA-N,C=C
VGPYEHKOIGNJKV-UHFFFAOYSA-N,S(=O)(=O)(NC(=O)OC)c1ccc(N)cc1
VGQLNJWOULYVFV-UHFFFAOYSA-N,O=C(OC)C1C(C(=O)OC)C2C=CC1C2
VGVIKVCCUATMNG-UHFFFAOYSA-N,Clc1c(Cl)cc(c(Cl)c1)c1ccccc1
VGZSUPCWNCWDAN-UHFFFAOYSA-N,S(=O)(=O)(NC(=O)NC1CCCCC1)c1ccc(C(=O)C)cc1
VHZXNQKVFDBFIK-NBBHSKLNSA-N,F[C@H]1C(=O)[C@]2(C)[C@H]([C@H]3[C@@H]([C@]4(C)C(=CC3)CCCC4)CC2)C1
VIKNJXKGJWUCNN-XGXHKTLJSA-N,O=C1C=C2[C@@H]([C@@H]3[C@H]([C@H]4[C@@](C)([C@](O)(C#C)CC4)CC3)CC2)CC1
VKNITLPENCJQOP-UHFFFAOYSA-N,Clc1c(Cl)c(Cl)cc(OC)c1OC
VLKZOEOYAKHREP-UHFFFAOYSA-N,C(CCC)CC
VLYWMPOKSSWJAL-UHFFFAOYSA-N,S(=O)(=O)(Nc1nnc(OC)cc1)c1ccc(N)cc1
VMKOFRJSULQZRM-UHFFFAOYSA-N,BrCCCCCCCC
VOEYXMAFNDNNED-UHFFFAOYSA-N,O=C(Oc1cc(C)ccc1)NC
VOKSWYLNZZRQPF-GDIGMMSISA-N,Oc1cc2[C@@]3(C)[C@@H](C)[C@H](N(CC=C(C)C)CC3)Cc2cc1
VOXZDWNPVJITMN-UHFFFAOYSA-N,Oc1cc2c(cc1)C1C(C3C(C)(C(O)CC3)CC1)CC2
VPGRYOFKCNULNK-UHFFFAOYSA-N,O=C(OCC(=O)C1C2(C)C(C3C(C4(C)C(=CC(=O)CC4)CC3)CC2)CC1)C
VREFGVBLTWBCJP-UHFFFAOYSA-N,Clc1cc2C(=NCc3n(c(C)nn3)c2cc1)c1ccccc1
VSNHCAURESNICA-UHFFFAOYSA-N,O=C(NO)N
VUNCWTMEJYMOOR-UHFFFAOYSA-N,ClC1(Cl)C(=C(Cl)C(=C1Cl)Cl)Cl
VVNCNSJFMMFHPL-UHFFFAOYSA-N,SC(C(N)C(=O)O)(C)C
VVQNEPGJFQJSBK-UHFFFAOYSA-N,O=C(OC)C(=C)C
VVSSGCCPNDSLPL-UHFFFAOYSA-N,S(=O)(=O)(N)c1sc2S(=O)(=O)CCCc2c1
VWPOSFSPZNDTMJ-UCWKZMIHSA-N,O(CC(O)CNC(C)(C)C)c1c2c(ccc1)C[C@@H](O)[C@@H](O)C2
VXGYRCVTBHVXMZ-UHFFFAOYSA-N,O=C(O)c1cc2c(nccc2)cc1
VXIVSQZSERGHQP-UHFFFAOYSA-N,ClCC(=O)N
VXLVYFXPZGPXCT-UHFFFAOYSA-N,S(=O)(=O)(N)c1occ(S(=O)(=O)c2ccc(OC)cc2)c1
VYWYYJYRVSBHJQ-UHFFFAOYSA-N,O=[N+]([O-])c1cc([N+](=O)[O-])cc(C(=O)O)c1
WBJINCZRORDGAQ-UHFFFAOYSA-N,O=COCC
WCLNVRQZUKYVAI-UHFFFAOYSA-N,Clc1c(Cl)c(Cl)c2Oc3c(c(Cl)c(Cl)c(Cl)c3)Oc2c1Cl
WCYYQNSQJHPVMG-UHFFFAOYSA-N,Clc1c(Cl)c(Cl)c2Oc3c(Oc2c1Cl)cc(Cl)c(Cl)c3
WDCYWAQPCXBPJA-UHFFFAOYSA-N,O=[N+]([O-])c1cc([N+](=O)[O-])ccc1
WDECIBYCCFPHNR-UHFFFAOYSA-N,c12c(c3c(cc1)cccc3)ccc1c2cccc1
WDQPAMHFFCXSNU-BGABXYSRSA-N,Clc1ccc(Nc2/c(=N/C(C)C)/cc3n(c4ccc(Cl)cc4)c4c(nc3c2)cccc4)cc1
WEEGYLXZBRQIMU-UHFFFAOYSA-N,CC1(C)OC2(C)CCC1CC2
WEHWNAOGRSTTBQ-UHFFFAOYSA-N,N(CCC)CCC
WEVYAHXRMPXWCK-UHFFFAOYSA-N,N#CC
WFJNHVWTKZUUTR-UHFFFAOYSA-N,OC(c1c2c(ncc1)cccc2)C1N2CC(CC)C(C1)CC2
WFRBDWRZVBPBDO-UHFFFAOYSA-N,OC(CCC)(C)C
WHTBVLXUSXVMEV-UHFFFAOYSA-N,S(=O)(=O)(Nc1c(C)cc(S(=O)(=O)c2ccccc2)cc1)C(F)(F)F
WIDHRBRBACOVOY-UHFFFAOYSA-N,Clc1c(Cl)c(c2cc(Cl)c(Cl)cc2)ccc1Cl
WIIZWVCIJKGZOK-RKDXNWHRSA-N,ClC(Cl)C(=O)N[C@@H]([C@H](O)c1ccc([N+](=O)[O-])cc1)CO
WIKYUJGCLQQFNW-UHFFFAOYSA-N,Clc1cc2N(CCCN3CCN(C)CC3)c3c(Sc2cc1)cccc3
WJNRPILHGGKWCK-UHFFFAOYSA-N,Clc1nc(NC(C)C)nc(NC(C)C)n1
WJRBRSLFGCUECM-UHFFFAOYSA-N,O=C1NC(=O)CN1
WJTCGQSWYFHTAC-UHFFFAOYSA-N,C1CCCCCCC1
WJUSVIUZCYELMK-UHFFFAOYSA-N,O=C(COC(=O)c1ccccc1)N1C(C)CCCC1C
WKEDVNSFRWHDNR-UHFFFAOYSA-N,O=C(Nc1ccccc1)c1c(O)cccc1
WKLCYOHFTPREOW-UHFFFAOYSA-N,S(=O)(=O)(N)c1sc2SCCC(=O)c2c1
WLJVNTCWHIRURA-UHFFFAOYSA-N,O=C(O)CCCCCC(=O)O
WLJVXDMOQOGPHL-UHFFFAOYSA-N,O=C(O)Cc1ccccc1
WMWJCKBJUQDYLM-UHFFFAOYSA-N,Clc1cc2Oc3c(Oc2cc1)ccc(Cl)c3
WPTCSQBWLUUYDV-UHFFFAOYSA-N,c1(c2nc3c(cc2)cccc3)nc2c(cc1)cccc2
WQOXQRCZOLPYPM-UHFFFAOYSA-N,S(SC)C
WQZGKKKJIJFFOK-UHFFFAOYSA-N,OCC1C(O)C(O)C(O)C(O)O1
WREGKURFCTUGRC-UHFFFAOYSA-N,O=c1n(C2OC(CO)CC2)ccc(N)n1
WRKNTBMMMVTKKA-UHFFFAOYSA-N,O=C(N(CCO)C)COC(=O)c1ccccc1
WRMNZCZEMHIOCP-UHFFFAOYSA-N,OCCc1ccccc1
WRNGAZFESPEMCN-UHFFFAOYSA-N,Clc1c(Cl)c(Cl)c2Oc3c(Oc2c1Cl)cc(Cl)cc3
WTDRDQBEARUVNC-LURJTMIESA-N,O=C(O)[C@@H](N)Cc1cc(O)c(O)cc1
WURBVZBTWMNKQT-UHFFFAOYSA-N,Clc1ccc(OC(C(=O)C(C)(C)C)n2ncnc2)cc1
WVDDGKGOMKODPV-UHFFFAOYSA-N,OCc1ccccc1
WWGUMAYGTYQSGA-UHFFFAOYSA-N,Cc1c(C)cc2c(c1)cccc2
WWJZWCUNLNYYAU-UHFFFAOYSA-N,S=P(OC)(OC)Oc1ccc(Sc2ccc(OP(=S)(OC)OC)cc2)cc1
WXMYDHQMJVPNTD-UHFFFAOYSA-N,Fc1c(N2CC(N)(C)C2)c(F)c2n(C3CC3)cc(C(=O)O)c(=O)c2c1N
WXTMDXOMEHJXQO-UHFFFAOYSA-N,O=C(O)c1c(O)ccc(O)c1
WXZMFSXDPGVJKK-UHFFFAOYSA-N,OCC(CO)(CO)CO
WXZVAROIGSFCFJ-UHFFFAOYSA-N,O=C(N(CC)CC)C(Oc1c2c(ccc1)cccc2)C
WYEHFWKAOXOVJD-UHFFFAOYSA-N,FC(F)(F)c1cc(Oc2c(C(=O)Nc3c(F)cc(F)cc3)cccn2)ccc1
WYKYKTKDBLFHCY-UHFFFAOYSA-N,Clc1c(=O)n(c2ccccc2)ncc1N
WYMSBXTXOHUIGT-UHFFFAOYSA-N,P(=O)(OCC)(OCC)Oc1ccc([N+](=O)[O-])cc1
WZJZMXBKUWKXTQ-UHFFFAOYSA-N,O=C(OCC)Nc1cc(OC(=O)Nc2ccccc2)ccc1
WZWYJBNHTWCXIM-JLHYYAGUSA-N,O=S1(=O)N(C)/C(=C(/O)\Nc2ncccc2)/C(=O)c2sccc12
XADCESSVHJOZHK-UHFFFAOYSA-N,O=C(OCC)C1(c2ccccc2)CCN(C)CC1
XBCXJKGHPABGSD-UHFFFAOYSA-N,O=c1n(C)ccc(=O)[nH]1
XDLPWPNVUPKKSN-UHFFFAOYSA-N,Fc1c(N2CC(NC)C2)cc2n(C3CC3)cc(C(=O)O)c(=O)c2c1
XEFQLINVKFYRCS-UHFFFAOYSA-N,Clc1c(Oc2c(O)cc(Cl)cc2)ccc(Cl)c1
XEKOWRVHYACXOJ-UHFFFAOYSA-N,O=C(OCC)C
XEROSHXMTSNDBW-UHFFFAOYSA-N,S(=O)(=O)(N)c1sc2C(O)CCS(=O)c2c1
XFOHWECQTFIEIX-UHFFFAOYSA-N,O=[N+]([O-])c1cc2c(c3c(cccc3)C2)cc1
XGEGHDBEHXKFPX-UHFFFAOYSA-N,O=C(NC)N
XIGAUIHYSDTJHW-UHFFFAOYSA-N,O=C(N(C)c1ccccc1)COc1sc2c(n1)cccc2
XITQUSLLOSKDTB-UHFFFAOYSA-N,Clc1c(Oc2ccc([N+](=O)[O-])cc2)ccc(Cl)c1
XIURVHNZVLADCM-IUODEOHRSA-N,O=C(N[C@@H]1C(=O)N2C(=C(COC(=O)C)CS[C@H]12)C(=O)O)Cc1sccc1
XJCVRTZCHMZPBD-UHFFFAOYSA-N,O=[N+]([O-])c1cc(N)ccc1
XJGVXQDUIWGIRW-UHFFFAOYSA-N,Clc1cc2C(=Nc3c(Oc2cc1)cccc3)N1CCN(C)CC1
XJKSTNDFUHDPQJ-UHFFFAOYSA-N,c1(c2ccccc2)ccc(c2ccccc2)cc1
XKEFYDZQGKAQCN-UHFFFAOYSA-N,Clc1cc(Cl)cc(Cl)c1
XKFPYPQQHFEXRZ-UHFFFAOYSA-N,O=C(NNCc1ccccc1)c1noc(C)c1
XKJMBINCVNINCA-UHFFFAOYSA-N,Clc1c(Cl)ccc(NC(=O)N(OC)C)c1
XLOMZPUITCYLMJ-UHFFFAOYSA-N,S=C1NC(=O)C(C(CCC)C)(CC=C)C(=O)N1
XMTQQYYKAHVGBJ-UHFFFAOYSA-N,Clc1c(Cl)ccc(NC(=O)N(C)C)c1
XNLICIUVMPYHGG-UHFFFAOYSA-N,O=C(CCC)C
XQUXKZZNEFRCAW-UHFFFAOYSA-N,O=C(OC(C#N)c1cc(Oc2ccccc2)ccc1)C1C(C)(C)C1(C)C
XQXPVVBIMDBYFF-UHFFFAOYSA-N,O=C(O)Cc1ccc(O)cc1
XQZYPMVTSDWCCE-UHFFFAOYSA-N,N#Cc1c(C#N)cccc1
XRECTZIEBJDKEO-UHFFFAOYSA-N,Fc1c(N)[nH]c(=O)nc1
XRHGWAGWAHHFLF-UHFFFAOYSA-N,Clc1n(C(C)C)nc(OP(=S)(OCC)OCC)n1
XRTJYEIMLZALBD-UHFFFAOYSA-N,Nc1ccc(c2sc3c(n2)ccc(C)c3)cc1
XSKQKDTZQNFCCB-UHFFFAOYSA-N,O=[N+]([O-])c1c(CO)cc2OCOc2c1
XSQUKJJJFZCRTK-UHFFFAOYSA-N,O=C(N)N
XTRDKALNCIHHNI-UHFFFAOYSA-N,O=[N+]([O-])c1c(C)c([N+](=O)[O-])ccc1
XUCIJNAGGSZNQT-UHFFFAOYSA-N,O(C(C#N)c1ccccc1)C1C(O)C(O)C(O)C(COC2C(O)C(O)C(O)C(CO)O2)O1
XUFQPHANEAPEMJ-UHFFFAOYSA-N,S(=O)(=O)(N=C(N)CCSCc1nc(N=C(N)N)sc1)N
XUYPXLNMDZIRQH-UHFFFAOYSA-N,S(CCC(NC(=O)C)C(=O)O)C
XWKFPIODWVPXLX-UHFFFAOYSA-N,Cc1ncc(C)cc1
XYGUXAGVJDBSBP-UHFFFAOYSA-N,O=C(NCC(=O)N)COC(=O)c1ccccc1
XZTUSOXSLKTKJQ-UHFFFAOYSA-N,O=C1OCC(=C1)C1C2(C)C(O)(C3C(C4(C)C(CC(O)CC4)CC3)CC2)CC1
YAPQBXQYLJRXSA-UHFFFAOYSA-N,O=c1n(C)c2ncn(C)c2c(=O)[nH]1
YASYVMFAVPKPKE-UHFFFAOYSA-N,S(P(=O)(OC)NC(=O)C)C
YBPAYPRLUDCSEY-UHFFFAOYSA-N,O=C(N)Cc1ccc(O)cc1
YCLSOMLVSHPPFV-UHFFFAOYSA-N,S(SCCC(=O)O)CCC(=O)O
YCMLQMDWSXFTIF-UHFFFAOYSA-N,S(=O)(=O)(N)c1c(C)cccc1
YCSBALJAGZKWFF-UHFFFAOYSA-N,Nc1cc2c(cc3c(c2)cccc3)cc1
YEAICDDXRUOCKJ-UHFFFAOYSA-N,S(=O)(=O)(Nc1nccnc1)c1ccc(N)cc1
YFBPRJGDJKVWAH-UHFFFAOYSA-N,S(C)c1c(C)cc(OC(=O)NC)cc1C
YFGYUFNIOHWBOB-UHFFFAOYSA-N,O=C(Oc1c(C)c(C)nc(N(C)C)n1)N(C)C
YGLMVCVJLXREAK-UHFFFAOYSA-N,O=C(N(C)C)NC1C2C3C(C(C1)C2)CCC3
YGYNBBAUIYTWBF-UHFFFAOYSA-N,Cc1cc2c(cc(C)cc2)cc1
YIKYNHJUKRTCJL-UHFFFAOYSA-N,O=c1c(O)c(CC)occ1
YJDYCULVYZDESB-UHFFFAOYSA-N,O=C1C2(C)C(C3C(C4(C)C(CC3)CCCC4)CC2)CC1
YKGCCFHSXQHWIG-UHFFFAOYSA-N,O=c1cc2sc3c(nc2cc1)cccc3
YKJYKKNCCRKFSL-UHFFFAOYSA-N,O=C(OC1C(Cc2ccc(OC)cc2)NCC1O)C
YKYONYBAUNKHLG-UHFFFAOYSA-N,O=C(OCCC)C
YLQBMQCUIZJEEH-UHFFFAOYSA-N,o1cccc1
YMWUJEATGCHHMB-UHFFFAOYSA-N,ClCCl
YNARWAUTTJJADX-UHFFFAOYSA-N,S=c1n(C)c2c(n(CC)c3ncccc13)nccc2
YNAVUWVOSKDBBP-UHFFFAOYSA-N,O1CCNCC1
YNBADRVTZLEFNH-UHFFFAOYSA-N,O=C(OC)c1cnccc1
YNDXUCZADRHECN-JNQJZLCISA-N,F[C@]12[C@@H](O)C[C@]3(C)[C@]4(C(=O)CO)OC(C)(C)O[C@@H]4C[C@H]3[C@@H]1CCC1=CC(=O)C=C[C@]21C
YNPNZTXNASCQKK-UHFFFAOYSA-N,c12c3c(ccc1cccc2)cccc3
YNVOMSDITJMNET-UHFFFAOYSA-N,O=C(O)c1cscc1
YOJAHJGBFDPSDI-UHFFFAOYSA-N,O=[N+]([O-])c1ccc(C(=O)OC)cc1
YOYAIZYFCNQIRF-UHFFFAOYSA-N,Clc1c(C#N)c(Cl)ccc1
YREQHYQNNWYQCJ-UHFFFAOYSA-N,O(CC(C)(C)c1ccc(OCC)cc1)Cc1cc(Oc2ccccc2)ccc1
YRHRIQCWCFGUEQ-UHFFFAOYSA-N,O=c1c2c(sc3c1cccc3)cccc2
YRHYCMZPEVDGFQ-UHFFFAOYSA-N,O=C(OC)CCCCCCCCC
YTBRNEUEFCNVHC-UHFFFAOYSA-N,Clc1ccc(c2ccc(Cl)cc2)cc1
YUWFEBAXEOLKSG-UHFFFAOYSA-N,Cc1c(C)c(C)c(C)c(C)c1C
YVWZWRFAFZRJGU-UHFFFAOYSA-N,O=C(COC(=O)c1ccccc1)N1CCC(O)CC1
YWBVHLJPRPCRSD-UHFFFAOYSA-N,FC(F)(F)c1cc(c2c(=O)c(c3ccccc3)cn(C)c2)ccc1
YZMCKZRAOLZXAZ-UHFFFAOYSA-N,S(=O)(=O)(Nc1nc(C)nc(C)c1)c1ccc(N)cc1
YZVWKHVRBDQPMQ-UHFFFAOYSA-N,Nc1c2c3c4c(cc2)cccc4ccc3cc1
ZAFYATHCZYHLPB-UHFFFAOYSA-N,O=C(N(C)C)Cc1c(c2ccc(C)cc2)nc2n1cc(C)cc2
ZCINFQNVNLHJOV-UHFFFAOYSA-N,O=[N+]([O-])C1=C(OCC)C(=O)N(C(C)C)C1
ZDPHROOEEOARMN-UHFFFAOYSA-N,O=C(O)CCCCCCCCCC
ZDXPYRJPNDTMRX-VKHMYHEASA-N,O=C(O)[C@@H](N)CCC(=O)N
ZEKZLJVOYLTDKK-UHFFFAOYSA-N,Fc1c(N2CC(C)NCC2)c(F)cc2c(=O)c(C(=O)O)cn(CC)c12
ZGEGCLOFRBLKSE-UHFFFAOYSA-N,C(=C)CCCCC
ZGRYQDHDZGJMNF-UHFFFAOYSA-N,S(=O)(=O)(N)c1sc2c(S(=O)(=O)CC(O)C2)c1
ZIEWAMOXCOLNSJ-UHFFFAOYSA-N,ClC(Cl)C(=O)NC1=C(Cl)C(=O)c2c(C1=O)cccc2
ZISSAWUMDACLOM-UHFFFAOYSA-N,C(C(C)C)(C)(C)C
ZJJXGWJIGJFDTL-UHFFFAOYSA-N,S(=O)(=O)(NC(=O)NC1CCCCC1)c1ccc(CCNC(=O)c2ncc(C)nc2)cc1
ZJYJZEAJZXVAMF-UHFFFAOYSA-N,O=[N+]([O-])c1cc2c(cc1)cccc2
ZLAQATDNGLKIEV-UHFFFAOYSA-N,Sc1nc(O)c(C)cn1
ZMANZCXQSJIPKH-UHFFFAOYSA-N,N(CC)(CC)CC
ZMISODWVFHHWNR-UHFFFAOYSA-N,OC(c1ccccc1)(c1ccccc1)C1CCNCC1
ZNNLBTZKUZBEKO-UHFFFAOYSA-N,Clc1cc(C(=O)NCCc2ccc(S(=O)(=O)NC(=O)NC3CCCCC3)cc2)c(OC)cc1
ZNOLGFHPUIJIMJ-UHFFFAOYSA-N,S=P(OC)(OC)Oc1cc(C)c([N+](=O)[O-])cc1
ZNSSPLQZSUWFJT-UHFFFAOYSA-N,O=C(OCCCCC)c1ccc(O)cc1
ZQUPQXINXTWCQR-UHFFFAOYSA-N,Clc1c(Cl)c(Cl)cc(Cl)c1c1cc(Cl)c(Cl)cc1
ZRKWMRDKSOPRRS-UHFFFAOYSA-N,O=NN(C(=O)N)C
ZRSNZINYAWTAHE-UHFFFAOYSA-N,O=Cc1ccc(OC)cc1
ZRVUJXDFFKFLMG-UHFFFAOYSA-N,O=C(Nc1sc(C)cn1)C1=C(c2c(S(=O)(=O)N1C)cccc2)O
ZSDSQXJSNMTJDA-UHFFFAOYSA-N,FC(F)(F)c1cc([N+](=O)[O-])c(N(CCC)CCC)c([N+](=O)[O-])c1
ZTMKADLOSYKWCA-UHFFFAOYSA-N,O=c1n(c(=O)c2c([nH]1)CCC2)C1CCCCC1
ZTQSAGDEMFDKMZ-UHFFFAOYSA-N,O=CCCC
ZWEHNKRNPOVVGH-UHFFFAOYSA-N,O=C(CC)C
ZWUAUTPCFIIFAS-UHFFFAOYSA-N,O=C(N(C(C)C)C(C)C)COC(=O)c1ccccc1
ZXAGXLDEMUNQSH-UHFFFAOYSA-N,C(C)c1cc2c(cc3c(c2)cccc3)cc1
ZXEKIIBDNHEJCQ-UHFFFAOYSA-N,OCC(C)C
ZXFXBSWRVIQKOD-UHFFFAOYSA-N,ClC1(Cl)C2(Cl)C(=C(Cl)C1(Cl)C1C2C(Cl)C2OC12)Cl
ZXQYGBMAQZUVMI-UHFFFAOYSA-N,ClC(=CC1C(C)(C)C1C(=O)OC(C#N)c1cc(Oc2ccccc2)ccc1)C(F)(F)F
ZXVONLUNISGICL-UHFFFAOYSA-N,O=[N+]([O-])c1c(O)c(C)cc([N+](=O)[O-])c1
ZYJPUMXJBDHSIF-NSHDSACASA-N,O=C(OC(C)(C)C)N[C@H](C(=O)O)Cc1ccccc1
ZZLCFHIKESPLTH-UHFFFAOYSA-N,Cc1ccc(c2ccccc2)cc1
ZZORFUFYDOWNEF-UHFFFAOYSA-N,S(=O)(=O)(Nc1nc(OC)nc(OC)c1)c1ccc(N)cc1
ZZUFCTLCJUWOSV-UHFFFAOYSA-N,Clc1c(S(=O)(=O)N)cc(C(=O)O)c(NCc2occc2)c1
