Name,SMILES,PCA1,PCA2
AAEVYOVXGOFMJO-UHFFFAOYSA-N,S(C)c1nc(NC(C)C)nc(NC(C)C)n1,0.6713752025568348,-1.0130563140523283
ABICJYZKIYUWEE-UHFFFAOYSA-N,O=[N+]([O-])C1C(=O)NC(=O)NC1=O,0.1388434817614835,-0.7106311508981594
ADIMAYPTOBDMTL-UHFFFAOYSA-N,Clc1cc2C(=NC(O)C(=O)Nc2cc1)c1ccccc1,-1.614533214513863,0.14310316231634668
AEXMKKGTQYQZCS-UHFFFAOYSA-N,C(CC)(CC)(C)C,1.4035031498953652,-0.9793862200428797
AFFLGGQVNFXPEV-UHFFFAOYSA-N,C(=C)CCCCCCCC,2.011294358693425,-1.0330385576742191
AFOGBLYPWJJVAL-UHFFFAOYSA-N,S(=O)(=O)(NC(=O)NCCCC)c1ccccc1,0.023766520809010757,1.3937820815083495
AFPHTEQTJZKQAQ-UHFFFAOYSA-N,O=[N+]([O-])c1cc(C(=O)O)ccc1,-1.2984210499686981,0.6852609710605738
AFYCEAFSNDLKSX-UHFFFAOYSA-N,O=c1oc2c(c(C)c1)ccc(N(CC)CC)c2,-0.12206339545651287,-0.14564557983750973
AGAHNABIDCTLHW-UHFFFAOYSA-N,Fc1ccc(C(=O)CCCN2CCC(O)(c3ccc(C)cc3)CC2)cc1,0.305669843787627,1.1635373425995208
AGMMTXLNIQSRCG-UHFFFAOYSA-N,Clc1c(S(=O)(=O)N)cc2C(=O)NC(CC)Nc2c1,-0.16027637337078124,-0.47395347962133966
AHJKRLASYNVKDZ-UHFFFAOYSA-N,ClC(Cl)C(c1ccc(Cl)cc1)c1ccc(Cl)cc1,-0.6443216336515981,-1.196788134971836
AIKKULXCBHRFOS-UHFFFAOYSA-N,S=P(SCC(=O)N(C=O)C)(OC)OC,1.5791874008561826,0.5594419919870253
AIVXUNRQBRKFJO-UHFFFAOYSA-N,S(=O)(=O)(N)c1sc2C(=O)CCSc2c1,-0.47861807658958133,-0.6246648991918915
AKUJBENLRBOFTD-UHFFFAOYSA-N,FC12C3(C)C(=CC(=O)C=C3)CCC1C1C(C)(C(O)(C(=O)COC(=O)C)C(C)C1)CC2O,1.0870284659651357,2.141070737871704
AMEKQAFGQBKLKX-UHFFFAOYSA-N,O=C(Nc1ccccc1)C1=C(OCCS1(=O)=O)C,-0.7884768128355,1.132888838277074
AMMPGYPPRLWMLW-UHFFFAOYSA-N,O=[N+]([O-])c1cc(N)c(OCC)cc1,-0.5401358903138974,0.04460954530905782
AMQJEAYHLZJPGS-UHFFFAOYSA-N,OCCCCC,2.0437087774620077,-0.6425904088487071
AMRQXHFXNZFDCH-UHFFFAOYSA-N,O=C(OC(C(=O)NCC)C)Nc1ccccc1,-0.06467606499601974,1.7232920582233455
ANJTVLIZGCUXLD-UHFFFAOYSA-N,O=c1n2c(ccc1)C1CNCC(C2)C1,-0.7595685826934857,-0.12256832084720483
APSMUYYLXZULMS-UHFFFAOYSA-N,Brc1cc2c(cc1)cccc2,-1.2855400725934305,-0.933841978293184
APTGDJCKNMNFID-UHFFFAOYSA-N,S(=O)(=O)(N)c1sc2S(=O)(=O)CC(O)Cc2c1,-0.3595429680017835,-0.2413692588057222
AQCHWTWZEMGIFD-UHFFFAOYSA-N,Clc1c(S(=O)(=O)N)cc2C(=O)N(c3c(C)cccc3)C(C)Nc2c1,-1.664854104394047,-0.18859043936618858
AQIXAKUUQRKLND-UHFFFAOYSA-N,S(CCN/C(=N/C)/NC#N)Cc1c(C)[nH]cn1,0.41121740480339225,-0.1717097986171219
AQIXEPGDORPWBJ-UHFFFAOYSA-N,OC(CC)CC,1.6098437245037074,-0.5395230426899773
ARCGXLSVLAOJQL-UHFFFAOYSA-N,O=C(O)c1c(C(=O)O)ccc(C(=O)O)c1,-0.4830217642227714,0.6404881030583071
ARGDYOIRHYLIMT-UHFFFAOYSA-N,ClN(Cl)S(=O)(=O)c1ccc(C)cc1,-0.5712938309031534,-0.46372630648437263
ARSRBNBHOADGJU-UHFFFAOYSA-N,Cc1c2c(c(C)c3c1cccc3)ccc1c2cccc1,-1.0258707204170041,-0.7854188205505697
ATROHALUCMTWTB-UHFFFAOYSA-N,S=P(ON=C(C#N)c1ccccc1)(OCC)OCC,-0.15642174508412657,0.6637897047907193
AUKRYONWZHRJRE-UHFFFAOYSA-N,Oc1c2c(cc3c1cccc3)cccc2,-1.1364832107492422,-0.6201059480969652
AUNGANRZJHBGPY-UHFFFAOYSA-N,O=c1nc2n(CC(O)C(O)C(O)CO)c3c(nc2c(=O)[nH]1)cc(C)c(C)c3,0.16193536363305225,0.09032589476057828
AUZONCFQVSMFAP-UHFFFAOYSA-N,S(SC(=S)N(CC)CC)C(=S)N(CC)CC,1.5650457379897282,-0.5607358991586956
AVQQQNCBBIEMEU-UHFFFAOYSA-N,O=C(N(C)C)N(C)C,1.2035128545689606,0.00214717496339222
AVZVLGDSSQKRGL-UHFFFAOYSA-N,O=C(COC(=O)c1ccccc1)N1CCOCC1,-0.5691405037974286,2.0356810914090944
AWMVMTVKBNGEAK-UHFFFAOYSA-N,c1(C2OC2)ccccc1,-0.9405080858853729,-0.40696942491075844
AXGUBXVWZBFQGA-UHFFFAOYSA-N,Clc1ccc(C(O)(C(=O)OC(C)C)c2ccc(Cl)cc2)cc1,-0.16363937288291672,0.40398504953010445
AYFVYJQAPQTCCC-UHFFFAOYSA-N,O=C(O)C(N)C(O)C,1.1630162936131263,0.2662652567234751
BACHBFVBHLGWSL-UHFFFAOYSA-N,Clc1c(Oc2ccc(OC(C(=O)OC)C)cc2)ccc(Cl)c1,-0.5766772724136321,0.7412645797717612
BAPJBEWLBFYGME-UHFFFAOYSA-N,O=C(OC)C=C,1.2672867406952801,0.32924506978958423
BBEAQIROQSPTKN-UHFFFAOYSA-N,c12c3c4ccc1cccc2ccc3ccc4,-0.8862628093751539,-1.0748699308996401
BBXXLROWFHWFQY-UHFFFAOYSA-N,O=c1c(CCCC)c(C)nc(NCC)[nH]1,1.221339488394369,-0.36621776878202905
BCCOBQSFUDVTJQ-UHFFFAOYSA-N,FC1(F)C(F)(F)C(F)(F)C1(F)F,0.8218300794365428,-1.2998318978976056
BCMCBBGGLRIHSE-UHFFFAOYSA-N,o1c2c(nc1)cccc2,-1.0354636266360404,-0.8404819814098562
BDERNNFJNOPAEC-UHFFFAOYSA-N,OCCC,1.7109124762184331,-0.616887780289736
BFCFYVKQTRLZHA-UHFFFAOYSA-N,Clc1c([N+](=O)[O-])cccc1,-1.6363249066455112,-0.7113603232910484
BFPYWIDHMRZLRN-UHFFFAOYSA-N,Oc1cc2c(cc1)C1C(C3C(C)(C(O)(C#C)CC3)CC1)CC2,-0.3236929743339541,0.1497312416989857
BGHCVCJVXZWKCC-UHFFFAOYSA-N,C(CCCCCCC)CCCCCC,1.9247161002731201,-1.0433714724565175
BGNCCUHEGHNNAP-UHFFFAOYSA-N,S(=O)(=O)(N)c1sc2S(=O)(=O)CCC(=O)c2c1,-0.6162303763661664,-0.7244445654018037
BKIMMITUMNQMOS-UHFFFAOYSA-N,C(CCCC)CCCC,1.9247161002731201,-1.0433714724565175
BMLIZLVNXIYGCK-UHFFFAOYSA-N,Clc1ccc(NC(=O)N(C)C)cc1,-0.37733094188634236,0.4968275755633015
BNUHAJGCKIQFGE-UHFFFAOYSA-N,O=[N+]([O-])c1ccc(OC)cc1,-0.671539089385786,-0.1560044997002941
BOCJQSFSGAZAPQ-UHFFFAOYSA-N,Clc1c2C(=O)c3c(C(=O)c2ccc1)cccc3,-1.402638235415942,-0.5715527706214101
BOJWTAQWPVBIPG-UHFFFAOYSA-N,Fc1c([N+](=O)[O-])cc(C(=O)O)cc1,-0.9699770621344649,0.5810692260360723
BRBKOPJOKNSWSG-UHFFFAOYSA-N,S(=O)(=O)(N=C(N)N)c1ccc(N)cc1,-0.6077194517474359,-0.20636078052652068
BRLQWZUYTZBJKN-UHFFFAOYSA-N,ClCC1OC1,0.8988129507839585,-1.169924418649989
BRPOVUNVTUCYNN-UHFFFAOYSA-N,Fc1c(N2C(CC)C(N)C2)cc2n(C3CC3)cc(C(=O)O)c(=O)c2c1,0.4351082012054894,1.7414603087113811
BRUZQRBVNRKLJG-UHFFFAOYSA-N,O=C(OCC(C)C)N,1.6163427803460455,0.6290043721177043
BTANRVKWQNVYAZ-UHFFFAOYSA-N,OC(CC)C,1.6570751117997993,-0.5543487866290273
BTJIUGUIPKRLHP-UHFFFAOYSA-N,O=[N+]([O-])c1ccc(O)cc1,-0.7555261874403464,-0.27780501586751305
BUNFNRVLMKHKIT-UHFFFAOYSA-N,O=[N+]([O-])c1c(NC(=O)C)cccc1,-0.962167567765635,0.8253618784486021
BWXSXZAIQQSFPW-UHFFFAOYSA-N,O=[N+]([O-])c1cc2C(=O)OC(CC)(CC)c2cc1,-0.833140344855332,-0.1009944021955304
BXNJHAXVSOCGBA-UHFFFAOYSA-N,O(C)c1cc2[nH]c3c(C)nccc3c2cc1,-0.6907982548662153,-0.5248492109903848
BXWNKGSJHAJOGX-UHFFFAOYSA-N,OCCCCCCCCCCCCCCCC,2.1205042631316293,-0.6564941873722209
BYEVBITUADOIGY-UHFFFAOYSA-N,O=C(OCC)CCCCCCCC,2.3227477249378414,0.6162244970831742
BZHMBWZPUJHVEE-UHFFFAOYSA-N,C(CC(C)C)(C)C,1.3105924287423059,-0.9760210342816373
BZKPWHYZMXOIDC-UHFFFAOYSA-N,S(=O)(=O)(N)c1sc(NC(=O)C)nn1,0.4577807061654666,0.345316019278143
BZLVMXJERCGZMT-UHFFFAOYSA-N,O(C(C)(C)C)C,1.0492702503571352,-0.9583879061032562
BZTYNSQSZHARAZ-UHFFFAOYSA-N,Clc1c(c2ccc(Cl)cc2)ccc(Cl)c1,-1.0832371631324729,-1.4574386043448386
CAQHPYSDQFDJAL-UHFFFAOYSA-N,O=C1C(=NO)c2c(cccc2)C=C1,-0.9006842375817328,0.06895331736919681
CBFCDTFDPHXCNY-UHFFFAOYSA-N,C(CCCCCCCCCC)CCCCCCCCC,1.9247161002731201,-1.0433714724565175
CCGPUGMWYLICGL-UHFFFAOYSA-N,Clc1c(Cl)ccc(NC(=O)N(CCCC)C)c1,0.2537317626562129,0.7281339103777142
CDAWCLOXVUBKRW-UHFFFAOYSA-N,Oc1c(N)cccc1,-0.8792641949450626,-0.37411013285971995
CDOZDBSBBXSXLB-UHFFFAOYSA-N,N(C(CN1c2c(Sc3c1cccc3)cccc2)C)(CC)CC,-0.3418053880783902,-0.1331872679408521
CDVNZMKTJIBBBV-UHFFFAOYSA-N,O=[N+]([O-])c1c(C)c(C(=O)O)cc([N+](=O)[O-])c1,-0.4232746170363987,0.5915338137657158
CEOCDNVZRAIOQZ-UHFFFAOYSA-N,Clc1c(Cl)c(Cl)cc(Cl)c1Cl,-0.4764932106415554,-1.5983836078887572
CERQOIWHTDAKMF-UHFFFAOYSA-N,O=C(O)C(=C)C,1.1672513960204982,0.1850888326814885
CFBYEGUGFPZCNF-UHFFFAOYSA-N,O=[N+]([O-])c1c(OC)cccc1,-1.18120517916082,0.05996828580656213
CGBCCZZJVKUAMX-UHFFFAOYSA-N,ClC1=CC2C(C3(C1=CC(=O)C=C3)C)CCC1(C2CCC1(OC(=O)C)C(=O)C)C,0.43659145977520986,1.108527282651344
CHMBIJAOCISYEW-UHFFFAOYSA-N,O=C(Nc1ccc(N)cc1)C,-0.15255098652835025,0.6920819806350089
CHNUNORXWHYHNE-UHFFFAOYSA-N,Clc1c(OC(C)C)cc(n2c(=O)oc(C(C)(C)C)n2)c(Cl)c1,-0.2904605944267123,-0.42667853774543646
CHNXZKVNWQUJIB-UHFFFAOYSA-N,O=C1C=C2C(C)(C3C(C4C(C)(C(O)(C#C)CC4)CC3)CC2)CC1,0.6064710974527592,0.7784627038731944
CHVJITGCYZJHLR-UHFFFAOYSA-N,C1=CC=CCC=C1,0.41178755799917915,-1.1795379246940507
CIWBSHSKHKDKBQ-JLAZNSOCSA-N,O=C1C(=C(O)[C@@H]([C@@H](O)CO)O1)O,0.654391535777495,0.022992626801371048
CIWBSHSKHKDKBQ-UHFFFAOYSA-N,O=C1C(=C(O)C(C(O)CO)O1)O,0.654391535777495,0.022992626801371048
CJHXCRMKMMBYJQ-UHFFFAOYSA-N,Oc1c(CCCC)c(C)nc(N(C)C)n1,1.4100701387088295,-0.4492779865184742
CKRZKMFTZCFYGB-UHFFFAOYSA-N,ONc1ccccc1,-0.8601499294157394,0.045376526653009557
CMSMOCZEIVJLDB-UHFFFAOYSA-N,ClCCN(CCCl)P1(=O)OCCCN1,0.8946164150593864,-0.8582956081355771
CMVQZRLQEOAYSW-UHFFFAOYSA-N,Clc1c(Cl)cccc1[N+](=O)[O-],-1.5030893023947596,-0.8683431801951443
CNGDZXAWOIPFFX-UHFFFAOYSA-N,S(=O)(=O)(N)c1scc(C(=O)c2ccc(OC)cc2)c1,-0.5219497486156136,0.8398701687300092
COLNVLDHVKWLRT-UHFFFAOYSA-N,O=C(O)C(N)Cc1ccccc1,-0.4679759060554476,1.0480176247653117
CPGPAVAKSZHMBP-UHFFFAOYSA-N,Cc1c2c(cc3c1cccc3)cccc2,-1.1599020796136041,-0.7993424940802484
CPNGPNLZQNNVQM-UHFFFAOYSA-N,n1c2nccnc2cnc1,-0.1082920339251411,-1.2202413415501265
CQRYARSYNCAZFO-UHFFFAOYSA-N,OCc1c(O)cccc1,-0.6285568379135471,-0.2044099327774943
CSHWQDPOILHKBI-UHFFFAOYSA-N,c12c3c4c5c(c1cccc2ccc3)cccc5ccc4,-0.9508324251695712,-1.070408398994193
CTJMNBROBOZHAP-UHFFFAOYSA-N,Fc1c(N2CC(N)C2)cc2n(C3CC3)cc(C(=O)O)c(=O)c2c1,-0.1893474942066039,1.404253606184674
CULUWZNBISUWAS-UHFFFAOYSA-N,O=[N+]([O-])c1n(CC(=O)NCc2ccccc2)ccn1,-1.1940891264966627,1.092528781369238
CVQODEWAPZVVBU-UHFFFAOYSA-N,O=C(Oc1cc(C)cc(C)c1)NC,0.15378676668197083,0.6806223695868528
CVRALZAYCYJELZ-UHFFFAOYSA-N,Brc1c(Cl)cc(OP(=S)(OC)c2ccccc2)c(Cl)c1,-1.258454643181379,-0.38210126087458457
CVUGPAFCQJIYDT-UHFFFAOYSA-N,ClC(Cl)(Cl)C(c1c(Cl)cccc1)c1ccc(Cl)cc1,-1.247686282658969,-1.0016643774604952
CWJSHJJYOPWUGX-UHFFFAOYSA-N,Clc1cc(NC(=O)OC(C)C)ccc1,-0.7955597066713974,0.8354730100775531
CWRYPZZKDGJXCA-UHFFFAOYSA-N,c12c3cccc1CCc2ccc3,-0.8883618892152613,-0.9374660819796115
CXOFVDLJLONNDW-UHFFFAOYSA-N,O=C1C(c2ccccc2)(c2ccccc2)NC(=O)N1,-0.9494675100271119,-0.07067068281861719
CXWXQJXEFPUFDZ-UHFFFAOYSA-N,c12c(cccc1)CCCC2,-0.8718173175769618,-0.6356966476513247
CYFLXLSBHQBMFT-UHFFFAOYSA-N,S(=O)(=O)(Nc1oc(C)c(C)n1)c1ccc(N)cc1,-0.8689710402789287,-0.29162083737863104
CZGCEKJOLUNIFY-UHFFFAOYSA-N,Clc1ccc([N+](=O)[O-])cc1,-1.1613323191487406,-0.9294079066610318
CZIHNRWJTSTCEX-UHFFFAOYSA-N,O=C(Nc1cc2c(c3c(cccc3)C2)cc1)C,-0.875174721674623,0.9431978023797322
CZMRCDWAGMRECN-UGDNZRGBSA-N,O([C@@H]1[C@H](O)[C@@H](O)[C@H](O)[C@@H](CO)O1)[C@@]1(CO)[C@@H](O)[C@H](O)[C@@H](CO)O1,0.8334564501926002,-0.25622135716609157
CZPWVGJYEJSRLH-UHFFFAOYSA-N,n1cnccc1,-0.050075910114476145,-1.215504948483215
DBABZHXKTCFAPX-UHFFFAOYSA-N,S(=O)(=O)(N(CCC)CCC)c1ccc(C(=O)O)cc1,0.25427596232434374,1.113739651256409
DBPWSSGDRRHUNT-UHFFFAOYSA-N,O=C(C)C1(O)C2(C)C(C3C(C4(C)C(=CC(=O)CC4)CC3)CC2)CC1,0.7152388077316947,1.248866169079574
DCAYPVUWAIABOU-UHFFFAOYSA-N,C(CCCCCCCC)CCCCCCC,1.9247161002731201,-1.0433714724565175
DCUJJWWUNKIJPH-UHFFFAOYSA-N,ClC(Cl)(Cl)c1nc(Cl)ccc1,-1.1317656408264616,-0.8152150438717832
DDUHZTYCFQRHIY-UHFFFAOYSA-N,Clc1c(OC)cc(OC)c2C(=O)C3(C(=CC(=O)CC3C)OC)Oc12,-0.1758644640133473,-0.22681990305583194
DEKWZWCFHUABHE-UHFFFAOYSA-N,Clc1ccc(C(CC(=O)C)c2c(=O)oc3c(c2O)cccc3)cc1,-0.7615071891911795,0.8233569219927936
DEWLEGDTCGBNGU-UHFFFAOYSA-N,ClCC(O)CCl,1.1249065781225198,-0.9037257482341078
DFBKLUNHFCTMDC-PICURKEMSA-N,ClC1(Cl)[C@]2(Cl)C(=C(Cl)[C@@]1(Cl)[C@@H]1[C@H]2[C@H]2[C@@H]3O[C@@H]3[C@@H]1C2)Cl,0.2577247372426647,-1.2540780828234355
DFCAFRGABIXSDS-UHFFFAOYSA-N,S(C(=O)N(CC)C1CCCCC1)CC,1.6287174571595413,0.45565423356958445
DFOXKPDFWGNLJU-UHFFFAOYSA-N,OC(C(C)(C)C)C,1.24706626525817,-0.7607795845030749
DFPAKSUCGFBDDF-UHFFFAOYSA-N,O=C(N)c1cnccc1,-0.6049149526781227,0.4541615145484281
DFXQXFGFOLXAPO-UHFFFAOYSA-N,Clc1c([N+](=O)[O-])cc(C(=O)O)cc1,-1.1916446380817036,0.21226658207992927
DHKHKXVYLBGOIT-UHFFFAOYSA-N,O(C(OCC)C)CC,1.58741172975623,-0.6346619111885082
DHMQDGOQFOQNFH-UHFFFAOYSA-N,O=C(O)CN,1.1545039351164414,0.20666639066127598
DHXVGJBLRPWPCS-UHFFFAOYSA-N,O1CCCCC1,0.8252651184189056,-1.329951814675108
DJHHDLMTUOLVHY-UHFFFAOYSA-N,Clc1c(Cl)c(Cl)c2Oc3c(Oc2c1Cl)cccc3,-1.2015959286663909,-1.204362177084264
DJPZSBANTAQNFN-UHFFFAOYSA-N,O=C(OC1C2(C)C(C3C(C4(C)C(=CC(=O)CC4)CC3)CC2)CC1)C,0.7479339146999215,1.4825869685067397
DKMROQRQHGEIOW-UHFFFAOYSA-N,O=C(OCC)CCC(=O)OCC,1.7516032424548806,0.6130358969097064
DLFVBJFMPXGRIB-UHFFFAOYSA-N,O=C(N)C,1.1904299138740901,0.021165174957447724
DLKQHBOKULLWDQ-UHFFFAOYSA-N,Brc1c2c(ccc1)cccc2,-1.2220872054897063,-0.9696739290183446
DLVAUVPZQHGFJC-UHFFFAOYSA-N,O=C(N(CC(=O)N)C)COC(=O)c1ccccc1,-0.2763492991078297,2.208636126871236
DMDGGSIALPNSEE-UHFFFAOYSA-N,S(=O)(=O)(N)c1c(C(F)(F)F)cc2NCNS(=O)(=O)c2c1,-0.503882110447038,-0.6466789537433679
DMEGYFMYUHOHGS-UHFFFAOYSA-N,C1CCCCCC1,0.8139277145368979,-1.3305068944665925
DNJIEGIFACGWOD-UHFFFAOYSA-N,SCC,1.4086475380347052,-1.037504977202491
DOFZAZXDOSGAJZ-UHFFFAOYSA-N,S=P(SCCSCC)(OCC)OCC,1.5451912337485387,-0.713150287520008
DOIRQSBPFJWKBE-UHFFFAOYSA-N,O=C(OCCCC)c1c(C(=O)OCCCC)cccc1,0.3607445594193107,1.4093672098786412
DOWJXOHBNXRUOD-UHFFFAOYSA-N,Cc1c2c(c3c(cc2)cccc3)ccc1,-1.134127284956067,-0.8363743993768346
DPJCXCZTLWNFOH-UHFFFAOYSA-N,O=[N+]([O-])c1c(N)cccc1,-1.4296211933741738,-0.4236130302627852
DPSPPJIUMHPXMA-UHFFFAOYSA-N,Fc1cc2c(=O)c(C(=O)O)cn3C(C)CCc(c23)c1,0.06428617559447881,1.393797833496789
DQJCHOQLCLEDLL-UHFFFAOYSA-N,Cc1c2n3c(sc2ccc1)nnc3,-0.6854254685356533,-0.20918548496075154
DQWPFSLDHJDLRL-UHFFFAOYSA-N,P(=O)(OCC)(OCC)OCC,1.4695039793696176,-0.3483915461750991
DQZCVNGCTZLGAQ-UHFFFAOYSA-N,O=C(N(C)C)NC1CCCCCCC1,1.25382760518748,0.5591965758985877
DRLFMBDRBRZALE-UHFFFAOYSA-N,O=C(NCCc1c2c([nH]c1)ccc(OC)c2)C,-0.020982203340564602,1.1301157346972412
DRUIESSIVFYOMK-UHFFFAOYSA-N,ClC(Cl)(Cl)C#N,0.7321517408271406,-1.5406865564644763
DSBMOVYUOIIPDK-UHFFFAOYSA-N,O=C1N(Cc2ccccc2)C(=O)NC1(C)C,-0.7888865328154645,0.37251078245388775
DSKJPMWIHSOYEA-UHFFFAOYSA-N,S(=O)(=O)(Oc1c(CCCC)c(C)nc(NCC)n1)N(C)C,1.2496309284175806,-0.11473107325225132
DSRNRYQBBJQVCW-UHFFFAOYSA-N,Clc1c(OC)ccc(NC(=O)N(C)C)c1,-0.555539573634341,0.77331075575079
DSSYKIVIOFKYAU-UHFFFAOYSA-N,O=C1C2(C)C(C)(C)C(C1)CC2,0.6391372205302538,-0.31762342534766275
DTGKSKDOIYIVQL-UHFFFAOYSA-N,OC1C2(C)C(C)(C)C(C1)CC2,1.2689593146390035,-0.2900241273284621
DTMRKGRREZAYAP-UHFFFAOYSA-N,Clc1c(Cl)c(Cl)cc(c1Cl)c1c(Cl)c(Cl)c(Cl)c(Cl)c1,-0.5534798769294776,-1.6334448799765797
DVQVBLBKEXITIK-UHFFFAOYSA-N,S(=O)(=O)(Nc1sc(C(C)(C)C)nn1)c1ccc(N)cc1,-0.7340617637044923,-0.20370080880697009
DVVGIUUJYPYENY-UHFFFAOYSA-N,O=c1n(C)cccc1,-0.7966910625952522,-0.09715125390004703
DWEPFAMAQPVFBH-UHFFFAOYSA-N,S(=O)(=O)(N)c1sc2S(=O)CCC(O)c2c1,-0.38456160617913343,-0.14477186083891347
DXXVCXKMSWHGTF-UHFFFAOYSA-N,Clc1c(Oc2cc(OC)c([N+](=O)[O-])cc2)ccc(Cl)c1,-1.3588690509576908,-0.46045221103509415
DYDNPESBYVVLBO-UHFFFAOYSA-N,O=CNc1ccccc1,-0.9651593927971384,0.024403172295175884
DZMDPHNGKBEVRE-UHFFFAOYSA-N,ClCCCCCCC,1.7884516915657067,-1.142625186961669
DZQVFHSCSRACSX-UHFFFAOYSA-N,S(=O)(=O)(Nc1ncc(C)cn1)c1ccc(N)cc1,-0.5672675882671275,-0.02502268855198204
DZTHIGRZJZPRDV-UHFFFAOYSA-N,O=C(O)C(NC(=O)C)Cc1c2c([nH]c1)cccc2,-0.45431320838072015,1.292712212724438
DZZWHBIBMUVIIW-DTORHVGOSA-N,Fc1c(N2C[C@@H](C)N[C@@H](C)C2)c(F)c2n(C3CC3)cc(C(=O)O)c(=O)c2c1N,0.18029821552267009,1.5287273920038889
FBPFZTCFMRRESA-UHFFFAOYSA-N,OC(C(O)C(O)CO)C(O)CO,1.2237994571440076,-0.7707068624362547
FCYQIDFMSYIAEB-UHFFFAOYSA-N,O(COc1c2OC3C(O)CCC4C53c2c(cc1)CC4N(C)CC5)C,0.07898124684411689,0.8364309590013642
FDDDEECHVMSUSB-UHFFFAOYSA-N,S(=O)(=O)(N)c1ccc(N)cc1,-0.8150155651750666,-0.5914551217095421
FDPIMTJIUBPUKL-UHFFFAOYSA-N,O=C(CC)CC,1.6027030774792528,0.12692817569349127
FEFQUIPMKBPKAR-UHFFFAOYSA-N,O=C(N1C(=O)CCCCC1)c1ccccc1,-0.8153733722378995,1.1312739747569387
FEMZVDSBIXDODB-UHFFFAOYSA-N,Fc1c(N2CC(N)(C)C2)c(F)cc2c(=O)c(C(=O)O)cn(C3CC3)c12,0.041070614972930186,1.6853609814431971
FERIUCNNQQJTOY-UHFFFAOYSA-N,O=C(O)CCC,1.729256583371136,0.3870573383240455
FFEARJCKVFRZRR-UHFFFAOYSA-N,S(CCC(N)C(=O)O)C,1.4707013118696208,0.5239894783819996
FFGPTBGBLSHEPO-UHFFFAOYSA-N,O=C(N)N1c2c(cccc2)C=Cc2c1cccc2,-0.7745303385605115,0.544465614174819
FGLBSLMDCBOPQK-UHFFFAOYSA-N,O=[N+]([O-])C(C)C,0.7297667609758599,-0.8766992773018478
FHADSMKORVFYOS-UHFFFAOYSA-N,OC1CCCCCCC1,1.0023493375524193,-0.7043991524862876
FLVIGYVXZHLUHP-UHFFFAOYSA-N,S=C(NCC)NCC,1.5603820032097135,-0.4375262832708824
FMGSKLZLMKYGDP-USOAJAOKSA-N,O=C1[C@]2(C)[C@H]([C@H]3[C@@H]([C@]4(C)C(=CC3)C[C@@H](O)CC4)CC2)CC1,0.4945111105370132,0.4582081848724589
FMINYZXVCTYSNY-UHFFFAOYSA-N,O=C(N(C)c1ccccc1)NC(C)(C)c1ccccc1,-0.5923027685071948,1.1327107351858419
FMKMKBLHMONXJM-UHFFFAOYSA-N,Nc1n(c2ccccc2)nc(C)c1,-1.1917654693560262,-0.29439148068614507
FNFPHNZQOKBKHN-UHFFFAOYSA-N,O=C(OCC(=O)C1(O)C2(C)C(C3C(C4(C)C(=CC(=O)CC4)CC3)C(O)C2)CC1)CC(C)(C)C,1.1052985647426736,2.0676114135004378
FNROXVCRPXYLRT-UHFFFAOYSA-N,O=C(N(C)C)CCCOC(=O)c1ccccc1,-0.06975004183003089,1.9884866565040187
FOANIXZHAMJWOI-UHFFFAOYSA-N,Brc1ccc(C(O)(C(=O)OC(C)C)c2ccc(Br)cc2)cc1,0.16513835095463672,0.6397755225860569
FOCAUTSVDIKZOP-UHFFFAOYSA-N,ClCC(=O)O,1.0901219440953702,0.08506284360707582
FOIBFBMSLDGNHL-UHFFFAOYSA-N,Clc1c(Cl)c(Cl)c2Oc3c(Cl)c(Cl)c(Cl)c(Cl)c3Oc2c1Cl,0.13623797565902215,-1.67371085993305
FPQJEXTVQZHURJ-UHFFFAOYSA-N,O=C(NCCO)C(=O)NCCO,1.2626874564041368,0.17967684840917947
FRDAATYAJDYRNW-UHFFFAOYSA-N,OC(CC)(CC)C,1.5697365362878564,-0.6312749275381075
FRQUNVLMWIYOLV-UHFFFAOYSA-N,Clc1c(Cl)c(OC)ccc1Cl,-0.5159440984352017,-0.894371772559711
FSCWZHGZWWDELK-UHFFFAOYSA-N,Clc1cc(Cl)cc(N2C(=O)C(C=C)(C)OC2=O)c1,-0.33783451874223575,-0.6886525193259463
FSERHDPEOFYMMK-UHFFFAOYSA-N,Brc1cc2c(CN(C)C)c[nH]c2cc1,-0.18177402500881226,-0.5926685507715101
FSVJFNAIGNNGKK-UHFFFAOYSA-N,O=C(N1CC(=O)N2C(c3c(cccc3)CC2)C1)C1CCCCC1,-0.7449556729962267,1.0268865629398332
FTOVXSOBNPWTSH-UHFFFAOYSA-N,c12c3c4c(cc1c1c(c2ccc3)cccc1)cccc4,-1.5235817602831885,-1.0208222480174085
FUKCEEDRHGCYHH-UHFFFAOYSA-N,O=C(NCCCC)COC(=O)c1ccccc1,0.22056557142064023,2.2424330015501783
FULZLIGZKMKICU-UHFFFAOYSA-N,S=C(Nc1ccccc1)N,-0.8900818630289087,0.16913093442971766
FUUHMSUPRUNWRQ-UHFFFAOYSA-N,Clc1c(Cl)c(Cl)cc(OC)c1Cl,-0.3089233437248986,-1.0958489972370562
FVSKHRXBFJPNKK-UHFFFAOYSA-N,N#CCC,1.41000423823516,-1.051331815631916
FXHOOIRPVKKKFG-UHFFFAOYSA-N,O=C(N(C)C)C,1.2290664705224519,0.059550170289465604
FZBXGZBXWFNCQY-UHFFFAOYSA-N,O=C(COC(=O)c1ccccc1)N1CCCCCC1,-0.5310216277936474,2.0926138447190725
FZSVSABTBYGOQH-UHFFFAOYSA-N,S(CC(=NOC(=O)NC)C(C)(C)C)C,1.5315385172047904,0.6260732726124911
GABQNAFEZZDSCM-UHFFFAOYSA-N,O=C(OCC=Cc1ccccc1)c1c(N)cccc1,-0.5777345659962757,1.401915500651323
GBDZXPJXOMHESU-UHFFFAOYSA-N,Clc1c(Cl)c(Cl)ccc1Cl,-0.6586871520179746,-1.3768783023894604
GBROPGWFBFCKAG-UHFFFAOYSA-N,c12c3c(c4c(cc3)cccc4)ccc1c1c(cc2)cccc1,-1.1850189978953105,-1.003629141720196
GCKMFJBGXUYNAG-HLXURNFRSA-N,O=C1C=C2[C@@](C)([C@@H]3[C@H]([C@H]4[C@@](C)([C@](O)(C)CC4)CC3)CC2)CC1,0.6326774124231948,0.7579143942062961
GCNTZFIIOFTKIY-UHFFFAOYSA-N,Oc1ccncc1,-0.3513161507403602,-0.675031365124462
GCQZFVAHUZIDRP-UHFFFAOYSA-N,S(=O)(=O)(Nc1ccc(S(=O)(=O)N)cc1)c1ccc(N)cc1,-0.9629103710889583,-0.32935850675637446
GECHUMIMRBOMGK-UHFFFAOYSA-N,S(=O)(=O)(Nc1ncccc1)c1ccc(N)cc1,-1.539368307952826,-0.13420685082469513
GEDIWDLJKRKBFT-UHFFFAOYSA-N,O=C(Oc1n(c2ccccc2)nc(C)c1)N(C)C,-0.8786449635673421,1.1805020072823436
GETQZCLCWQTVFV-UHFFFAOYSA-N,N(C)(C)C,1.0026059366563664,-1.1633090144564018
GEYOCULIXLDCMW-UHFFFAOYSA-N,Nc1c(N)cccc1,-0.9565621397395093,-0.7692392770482622
GFBKOADVXIDVBA-UHFFFAOYSA-N,S(=O)(=O)(NC(=O)OCCCC)N,1.8378027808875348,0.8799005739933138
GGLIEWRLXDLBBF-UHFFFAOYSA-N,O=C(Nc1ccc(OCC)cc1)N,0.3510968746352294,1.2855303890057797
GILNGPKTMRSQDW-UHFFFAOYSA-N,O=C(COC(=O)c1ccccc1)N1CCCC1,-0.5361169627319766,2.0958202932375998
GIUGGRUEPHPVNR-UHFFFAOYSA-N,Clc1cc2Oc3c(Oc2cc1)cccc3,-1.5147515472848483,-1.1748165117468459
GKEUODMJRFDLJY-UHFFFAOYSA-N,Cc1c2c(c3c(cccc3)C2)ccc1,-0.9526754235361777,-0.5701729519610039
GKRZNOGGALENQJ-UHFFFAOYSA-N,O=C(NC(=O)C)N,1.1902487924837628,0.2242350630025293
GLDOVTGHNKAZLK-UHFFFAOYSA-N,OCCCCCCCCCCCCCCCCCC,2.1205042631316293,-0.6564941873722209
GLUUGHFHXGJENI-UHFFFAOYSA-N,N1CCNCC1,0.7974248552089177,-1.362350682634317
GMVJKSNPLYBFSO-UHFFFAOYSA-N,Brc1c(Br)cccc1Br,-0.7306584212846181,-0.9370244590898751
GNHMRTZZNHZDDM-UHFFFAOYSA-N,ClCCC#N,0.9345289687936637,-1.3557777032266511
GOHBXWHNJHENRX-UHFFFAOYSA-N,Cc1c2c(c3c(c1)cccc3)ccc1c2cccc1,-1.298163883597885,-0.8702587570960353
GPTONYMQFTZPKC-UHFFFAOYSA-N,S(=O)(=O)(Nc1ncc(OC)cn1)c1ccc(N)cc1,-0.5190898799587785,0.30214263012526527
GRFNBEZIAWKNCO-UHFFFAOYSA-N,Oc1cnccc1,-0.676470979180578,-0.5671585631801007
GRWAIJBHBCCLGS-UHFFFAOYSA-N,O=C(O)Cn1nnnc1,0.8904215695698576,0.43988781573677077
GSDSWSVVBLHKDQ-UHFFFAOYSA-N,Fc1c(N2CCN(C)CC2)c2OCC(C)n3c2c(c(=O)c(C(=O)O)c3)c1,-0.05414631679151868,1.36034245303195
GTCAXTIRRLKXRU-UHFFFAOYSA-N,O=C(OC)N,1.1992831374508885,0.41159560920066696
GUGOEEXESWIERI-UHFFFAOYSA-N,OC(c1ccccc1)(c1ccccc1)C1CCN(CCCC(O)c2ccc(C(C)(C)C)cc2)CC1,-0.29187933026078944,0.7813520093642029
GVEPBJHOBDJJJI-UHFFFAOYSA-N,c12c3cccc1c1c(c2ccc3)cccc1,-1.1955266160697677,-0.95155800107588
GWDYJKXSUSPLEA-UHFFFAOYSA-N,O=c1nc(c2ccccc2)oc2c1cccc2,-1.2959869519713598,-0.26930105231993406
GWOFUCIGLDBNKM-UHFFFAOYSA-N,Clc1cc2nccc(Nc3c(C(=O)OCC(O)CO)cccc3)c2cc1,-1.1138962074275607,1.10673954120525
GWUSZQUVEVMBPI-UHFFFAOYSA-N,O=[N+]([O-])c1cc2C(=NCC(=O)N(C)c2cc1)c1ccccc1,-1.7922717833904802,0.23853192085316524
GXEKYRXVRROBEV-UHFFFAOYSA-N,O=C(O)C1C(C(=O)O)C2OC1CC2,0.9459743732675138,0.233474402163982
GYFAGKUZYNFMBN-UHFFFAOYSA-N,c12c3c4c5c6c1c(ccc2ccc3ccc4ccc5)ccc6,-0.9962809116467145,-1.1025196386058373
GYMFBYTZOGMSQJ-UHFFFAOYSA-N,Cc1cc2c(cc3c(c2)cccc3)cc1,-1.1688046116445316,-0.7388620070499073
GYTMHWVFKHLDEA-UHFFFAOYSA-N,S(=O)(=O)(N)c1scc(C(=O)c2ccc(C)cc2)c1,-0.5548678434372031,0.5077132647035977
HAPOJKSPCGLOOD-UHFFFAOYSA-N,c12c(cc3c(c4c(cccc4)C3)c1)cccc2,-1.3755606839092125,-0.7494198605239528
HAXBIWFMXWRORI-UHFFFAOYSA-N,c12c3cccc1c1c(c2ccc3)cc2c(c1)cccc2,-1.4455445023203306,-0.9360890772122324
HCFSGRMEEXUOSS-UHFFFAOYSA-N,O=C(C)C1(C)C2(C)C(C3C=C(C)C4=CC(=O)CCC4(C)C3CC2)CC1,0.6051166212555253,1.0916810621582527
HDWIHXWEUNVBIY-UHFFFAOYSA-N,S(=O)(=O)(N)c1c(C(F)(F)F)cc2NC(Cc3ccccc3)NS(=O)(=O)c2c1,-1.2572813047464668,0.27872797219574585
HDZGCSFEDULWCS-UHFFFAOYSA-N,N(N)C,0.9342337411810737,-1.016633104955486
HEZNVIYQEUHLNI-UHFFFAOYSA-N,S(CC)Cc1c(OC(=O)NC)cccc1,-0.06813111308213306,1.305254539662417
HFBWPRKWDIRYNX-UHFFFAOYSA-N,Clc1nc(N(CC)CC)nc(NCC)n1,0.7971043490374647,-1.011835298311352
HFHZKZSRXITVMK-UHFFFAOYSA-N,O=C1N(N(c2ccccc2)C(=O)C1CCCC)c1ccc(O)cc1,-0.023464586087784487,0.873379547418585
HHMCAJWVGYGUEF-UHFFFAOYSA-N,FC(F)(F)c1cc([N+](=O)[O-])c(Oc2ccc([N+](=O)[O-])cc2)cc1,-1.2329008086783,-0.1368713602564393
HHOSMYBYIHNXNO-UHFFFAOYSA-N,C(CCC(C)C)(C)(C)C,1.3883937433140734,-0.9253213975228534
HJUFTIJOISQSKQ-UHFFFAOYSA-N,O=C(OCC)NCCOc1ccc(Oc2ccccc2)cc1,-0.17747864218701462,1.9260068632178753
HKMTVMBEALTRRR-UHFFFAOYSA-N,c12c(ccc3c4c(cccc4)Cc13)cccc2,-1.283139253996575,-0.9239415855030363
HKOOXMFOFWEVGF-UHFFFAOYSA-N,N(N)c1ccccc1,-1.0202511964003746,-0.3004175753675407
HKPHPIREJKHECO-UHFFFAOYSA-N,ClCC(=O)N(COCCCC)c1c(CC)cccc1CC,0.502653900140053,1.0878388445609106
HLQDGCWIOSOMDP-UHFFFAOYSA-N,Clc1c(Cl)c(Cl)cc(c1Cl)c1ccccc1,-1.5568567533059763,-1.032383893138751
HLZKNKRTKFSKGZ-UHFFFAOYSA-N,OCCCCCCCCCCCCCC,2.1205042631316293,-0.6564941873722209
HMIBKHHNXANVHR-UHFFFAOYSA-N,S(C(=O)N(C)C)CCCCOc1ccccc1,-0.17516159695449904,1.4463482628399649
HMSWAIKSFDFLKN-UHFFFAOYSA-N,C(CCCCCCCCCCCCC)CCCCCCCCCCCC,1.9247161002731201,-1.0433714724565175
HNDVDQJCIGZPNO-YFKPBYRVSA-N,O=C(O)[C@@H](N)Cc1[nH]cnc1,0.35387639068041427,0.5657902875660341
HNJBEVLQSNELDL-UHFFFAOYSA-N,O=C1NCCC1,0.3894999849008133,-0.8041683194842082
HOQADATXFBOEGG-UHFFFAOYSA-N,S=P(OCC)(Oc1c(C(=O)OC(C)C)cccc1)NC(C)C,-0.016608345146462183,1.558976611426167
HORNXRXVQWOLPJ-UHFFFAOYSA-N,Clc1cc(O)ccc1,-1.1538064165304536,-0.786124722806242
HPQURZRDYMUHJI-UHFFFAOYSA-N,C(CCC1CCCC1)CC,1.946018990606651,-0.699638944756513
HPXRVTGHNJAIIH-UHFFFAOYSA-N,OC1CCCCC1,1.0023493375524193,-0.7043991524862876
HPYNZHMRTTWQTB-UHFFFAOYSA-N,Cc1c(C)cccn1,-0.7061418787286159,-0.7384261291984997
HRBKVYFZANMGRE-UHFFFAOYSA-N,Clc1c(Cl)cc(Cl)c(OP(=S)(OC)OC)n1,-0.32412591546076225,-1.030972627729213
HRPVXLWXLXDGHG-UHFFFAOYSA-N,O=C(N)C=C,1.0314977183147886,-0.19655000298869815
HRVUKLBFRPWXPJ-UHFFFAOYSA-N,Clc1c(Cl)cc(Cl)c2Oc3c(Oc12)cccc3,-1.514064120852975,-1.3145286057086356
HSFWRNGVRCDJHI-UHFFFAOYSA-N,C#C,0.8038969462111328,-1.4159371213807899
HUPFGZXOMWLGNK-UHFFFAOYSA-N,Fc1c(c2cc(C(=O)O)c(O)cc2)ccc(F)c1,-0.6569360030036431,0.5938437953219803
HUTDUHSNJYTCAR-UHFFFAOYSA-N,O(C)c1ccc(C(O)(c2cncnc2)C2CC2)cc1,-0.12857217423749642,0.13313138462734142
HWHLPVGTWGOCJO-UHFFFAOYSA-N,OC(CCN1CCCCC1)(c1ccccc1)C1CCCCC1,-0.5886967000410838,0.5841271325147919
HWWYDZCSSYKIAD-UHFFFAOYSA-N,Cc1cc(C)cnc1,-0.09864664237050334,-1.0549421361465294
HYBBIBNJHNGZAN-UHFFFAOYSA-N,O=Cc1occc1,-0.6691251542188195,-0.5583293876312494
HYIMSNHJOBLJNT-UHFFFAOYSA-N,O=[N+]([O-])c1c(C2C(=C(C)NC(=C2C(=O)OC)C)C(=O)OC)cccc1,-0.9955874068077547,1.3281299726596125
HYJSGOXICXYZGS-UHFFFAOYSA-N,Clc1c2n(CC(=O)O)c(=O)sc2ccc1,-0.7405269548286292,0.575772771110763
HYVMOJOTZLNZPF-UHFFFAOYSA-N,S(=O)(=O)(N)c1sc2C(=O)CCS(=O)(=O)c2c1,-0.5568880693586491,-0.6724999613706599
HYWYRSMBCFDLJT-UHFFFAOYSA-N,S(=O)(=O)(Nc1c(Oc2ccccc2)cc([N+](=O)[O-])cc1)C,-1.7198499707140753,0.5428503208055122
IAIWVQXQOWNYOU-UHFFFAOYSA-N,O=[N+]([O-])c1oc(C=NNC(=O)N)cc1,-0.5864559829504831,0.33149005774474405
IAKOZHOLGAGEJT-UHFFFAOYSA-N,ClC(Cl)(Cl)C(c1ccc(OC)cc1)c1ccc(OC)cc1,-0.2344506789854452,-0.5260036868844794
IDCPFAYURAQKDZ-UHFFFAOYSA-N,O=[N+]([O-])NC(=N)N,0.540541954626452,-0.47461351302720783
IDOWTHOLJBTAFI-UHFFFAOYSA-N,O=C(OC)Nc1cc(OC(=O)Nc2cc(C)ccc2)ccc1,-0.6842334462347844,1.1727426206285076
IFEKQNAXDMZERW-UHFFFAOYSA-N,O=C(O)C(N)Cc1n[nH]c2c1cccc2,-0.683531304160478,1.0173364547541632
IFLREYGFSNHWGE-UHFFFAOYSA-N,c12c(cc3c(c1)cccc3)cc1c(c2)cccc1,-1.244916146137994,-0.9114753369771332
IGEMDIAQXSOCKX-UHFFFAOYSA-N,S(=O)(=O)(N)c1scc(S(=O)(=O)c2ccc(O)cc2)c1,-0.9560536429775903,-0.17148760617105846
IIZIPXWXNPFUOU-UHFFFAOYSA-N,O=C(N(CCO)CC)COC(=O)c1ccccc1,-0.011945652502130265,2.1896801160149195
IJFPVINAQGWBRJ-UHFFFAOYSA-N,O=C(OCCCCCC(C)C)c1c(C(=O)OCCCCCC(C)C)cccc1,0.1322189427516442,1.4478278538163305
IKECULIHBUCAKR-UHFFFAOYSA-N,OC(C(C)C)(C)C,1.2371562054470524,-0.7688168231908132
IKZBNCORGKYEDZ-UHFFFAOYSA-N,Fc1c(N2CC(N)C2)c(F)cc2c(=O)c(C(=O)O)cn(C3CC3)c12,0.046979092655383345,1.5851124066841196
IMIDOCRTMDIQIJ-UHFFFAOYSA-N,O=C(Oc1cc(C)c(N(C)C)cc1)NC,-0.187947105589389,0.9733677158331955
IMMLSOUHQHJKTL-UHFFFAOYSA-N,ClC1=CC=CCC(=C1NC1C(=CC=CC=C1)CC(=O)OCC(=O)NC(C(=O)OC)C)Cl,0.5167541545518558,1.280399678111136
IMNFDUFMRHMDMM-UHFFFAOYSA-N,C(CCC)CCC,1.9247161002731201,-1.0433714724565175
IMONTRJLAWHYGT-UHFFFAOYSA-N,O=C(OC1(C#C)C2(C)C(C3C(C4C(=CC(=O)CC4)CC3)CC2)CC1)C,0.6910324858836976,1.3746294547208382
IMPKVMRTXBRHRB-UHFFFAOYSA-N,OC1C(O)C(O)CC(O)C1O,0.9774967820737828,-0.770258513058414
IMWQMZMZPWIQBE-UHFFFAOYSA-N,O=C(NN=C(C=NNC(=O)N)C)N,1.1923811801464712,0.20885297827370938
INWLQCZOYSRPNW-UHFFFAOYSA-N,O=C(Nc1c(C)cccc1C)C1N(C)CCCC1,-0.5033111507755808,1.2162522596307779
IOUNQDKNJZEDEP-UHFFFAOYSA-N,Clc1cc2oc(=O)n(CSP(=S)(OCC)OCC)c2cc1,-0.145338378007326,0.2520896597163614
IPCSVZSSVZVIGE-UHFFFAOYSA-N,O=C(O)CCCCCCCCCCCCCCC,2.201420340768766,0.3816840383130141
IPEHBUMCGVEMRF-UHFFFAOYSA-N,O=C(N)c1nccnc1,0.08210596675767216,0.09364015221634865
IQUPABOKLQSFBK-UHFFFAOYSA-N,O=[N+]([O-])c1c(O)cccc1,-1.2942052732598688,-0.0690845183175331
IRCMYGHHKLLGHV-UHFFFAOYSA-N,S(=O)(=O)(Oc1cc2C(C)(C)C(OCC)Oc2cc1)C,-0.07910986294059956,0.29068240779002347
IRIAEXORFWYRCZ-UHFFFAOYSA-N,O=C(OCCCC)c1c(C(=O)OCc2ccccc2)cccc1,0.24782834994287592,1.7327900509989431
ISEUFVQQFVOBCY-UHFFFAOYSA-N,O(C)c1nc(NC(C)C)nc(NC(C)C)n1,0.6377709090752216,-0.7258016497987749
ISMYLNZMKJLINI-UHFFFAOYSA-N,O=c1n(CC)c2c(n(CC)c3ncccc13)nccc2,-0.4157396132591175,0.06301477440207731
ISWSIDIOOBJBQZ-UHFFFAOYSA-N,Oc1ccccc1,-0.8565200182173749,-0.17933615367124792
ITEQSCBLCCNACE-UHFFFAOYSA-N,O=C(OC1=CC(=O)CC(C)(C)C1)N(C)C,0.5361066025428697,0.8769119799168377
IUTPYMGCWINGEY-UHFFFAOYSA-N,Clc1c(Cl)cc(c(Cl)c1)c1cc(Cl)c(Cl)cc1,-1.0041556454982703,-1.4714417632323586
IVUXTESCPZUGJC-UHFFFAOYSA-N,Clc1ccc(Oc2ccc(NC(=O)N(C)C)cc2)cc1,-0.4095843236847194,0.8150258004032729
IWDCLRJOBJJRNH-UHFFFAOYSA-N,Oc1ccc(C)cc1,-0.13637444766976223,-0.44373546636805866
IWYDHOAUDWTVEP-UHFFFAOYSA-N,O=C(O)C(O)c1ccccc1,-0.6644662640999501,0.6932571025351917
IYXGSMUGOJNHAZ-UHFFFAOYSA-N,O=C(OCC)CC(=O)OCC,1.6760838729682086,0.7557486027859907
IZNWACYOILBFEG-UHFFFAOYSA-N,O=[N+]([O-])c1c(C)ccc2c1cccc2,-1.439315441168799,-0.5049148501086577
JAYCNKDKIKZTAF-UHFFFAOYSA-N,Clc1c(c2c(Cl)cccc2)cccc1,-1.2673250069679112,-1.0961392484905188
JBDOSUUXMYMWQH-UHFFFAOYSA-N,S=C=Nc1c2c(ccc1)cccc2,-1.1872129039792008,-0.9334290988268042
JFCQEDHGNNZCLN-UHFFFAOYSA-N,O=C(O)CCCC(=O)O,1.3827738034978045,0.20262478004258927
JFNWFXVFBDDWCX-UHFFFAOYSA-N,S(=O)(=O)(N(C(=O)C)c1c(C)c(C)no1)c1ccc(N)cc1,-0.47382116320208173,0.4949748398479784
JFSPBVWPKOEZCB-UHFFFAOYSA-N,O=C(Nc1ccccc1)c1c(C)occ1,-0.7679181293891428,1.2161855925640885
JHBKHLUZVFWLAG-UHFFFAOYSA-N,Clc1c(Cl)cc(Cl)c(Cl)c1,-0.4383120431905941,-1.504018773971446
JHIVVAPYMSGYDF-UHFFFAOYSA-N,O=C1CCCCC1,0.4260264251378573,-0.7557403556791303
JHJOOSLFWRRSGU-UHFFFAOYSA-N,Clc1c(Cl)cc(OP(=S)(OC)OC)c(Cl)c1,-0.2589534871590703,-1.0098082654173979
JIEKMACRVQTPRC-UHFFFAOYSA-N,Clc1ccc(c2c(CC(=O)O)sc(c3ccccc3)n2)cc1,-1.087229513123147,0.47155735123976295
JIGUQPWFLRLWPJ-UHFFFAOYSA-N,O=C(OCC)C=C,1.7114084286105387,0.5511823159247229
JIVPVXMEBJLZRO-UHFFFAOYSA-N,Clc1c(S(=O)(=O)N)cc(C2(O)NC(=O)c3c2cccc3)cc1,-1.6461797551690873,-0.16539622061837458
JJYPMNFTHPTTDI-UHFFFAOYSA-N,Nc1cc(C)ccc1,-0.8708858016239117,-0.7394980240639902
JLKIGFTWXXRPMT-UHFFFAOYSA-N,S(=O)(=O)(Nc1noc(C)c1)c1ccc(N)cc1,-1.0062564993193301,-0.29132454331075186
JLRGJRBPOGGCBT-UHFFFAOYSA-N,S(=O)(=O)(NC(=O)NCCCC)c1ccc(C)cc1,0.45740799456009584,0.9561445592700277
JLYXXMFPNIAWKQ-UHFFFAOYSA-N,ClC1C(Cl)C(Cl)C(Cl)C(Cl)C1Cl,0.713398987970955,-1.3751342753635025
JMMWKPVZQRWMSS-UHFFFAOYSA-N,O=C(OC(C)C)C,1.3448307040439407,0.308948272930361
JOFWLTCLBGQGBO-UHFFFAOYSA-N,Clc1c(C2=NCc3n(c(C)nn3)c3c2cc(Cl)cc3)cccc1,-1.7137884983059273,-0.7256181326147757
JOMNTHCQHJPVAZ-UHFFFAOYSA-N,CC1NCCNC1,1.0242944006267671,-1.0370611859009025
JOYRKODLDBILNP-UHFFFAOYSA-N,O=C(OCC)N,1.6539068514475057,0.6362060224689691
JPLCQHHISLYGRA-UHFFFAOYSA-N,O=C(Nc1cnc(OC)cc1)C1CC1,-0.07632911140861147,1.208895762429696
JQUIGGQYRQVIIE-UHFFFAOYSA-N,O=C(N(C(=O)C)C)COC(=O)c1ccccc1,-0.2508138544938441,2.1603297635992704
JRZJOMJEPLMPRA-UHFFFAOYSA-N,C(=C)CCCCCCC,2.011294358693425,-1.0330385576742191
JSZOAYXJRCEYSX-UHFFFAOYSA-N,O=[N+]([O-])CCC,1.2179028206067253,-0.7080227508752761
JTAGHJPZEDNHHA-UHFFFAOYSA-N,O=C(NCCc1cc(OC)c(OC)cc1)CNc1cc(C(=O)NC)ccc1,-0.43051252238269705,1.6127302115583007
JTGMTYWYUZDRBK-UHFFFAOYSA-N,Cc1c2c(c(C)c3c1cccc3)cccc2,-0.8146279399611306,-0.6443066935888191
JUHORIMYRDESRB-UHFFFAOYSA-N,N(CCNCc1ccccc1)Cc1ccccc1,-0.7528192957707271,-0.11085399643398665
JUJWROOIHBZHMG-UHFFFAOYSA-N,n1ccccc1,-0.04541530273116073,-0.9653022064994761
JVPGYYNQTPWXGE-UHFFFAOYSA-N,Cc1ccc(c2sc3c(n2)cccc3)cc1,-1.0387298305896553,-0.6990263772673365
JVSWJIKNEAIKJW-UHFFFAOYSA-N,C(CCCCC)(C)C,1.9853796754546595,-0.9186708920525495
JWBOIMRXGHLCPP-UHFFFAOYSA-N,ClC(Cl)C(c1c(Cl)cccc1)c1ccc(Cl)cc1,-1.269794201747413,-0.9796209730407339
JWUCHKBSVLQQCO-UHFFFAOYSA-N,Fc1c(C(O)(Cn2ncnc2)c2ccc(F)cc2)cccc1,-0.687408277134619,-0.051865606981499696
JWUJQDFVADABEY-UHFFFAOYSA-N,CC1OCCC1,1.028085950544099,-0.9358541113125965
JWZZKOKVBUJMES-UHFFFAOYSA-N,OC(CNC(C)C)c1cc(O)c(O)cc1,-0.0177282738718152,0.0519826264104777
JXCGFZXSOMJFOA-UHFFFAOYSA-N,Clc1c(C)ccc(NC(=O)N(C)C)c1,-0.6029670231178866,0.5370072308886881
JXSJBGJIGXNWCI-UHFFFAOYSA-N,S=P(SC(C(=O)OCC)CC(=O)OCC)(OC)OC,1.8280543853666316,0.7481827856869965
JXVIIQLNUPXOII-UHFFFAOYSA-N,O=C(Nc1ccccc1)NC1C(C)CCCC1,-0.5578887891296207,1.4376127624530142
JYFHYPJRHGVZDY-UHFFFAOYSA-N,P(=O)(OCCCC)(OCCCC)O,1.9288236178267235,0.008375403214257475
JYVLIDXNZAXMDK-UHFFFAOYSA-N,OC(CCC)C,1.8146458799304164,-0.5315484477459743
JYYNAJVZFGKDEQ-UHFFFAOYSA-N,Cc1nccc(C)c1,-0.5109949650655317,-0.8681922759969943
JZQKKSLKJUAGIC-UHFFFAOYSA-N,O(CC(O)CNC(C)C)c1c2c([nH]cc2)ccc1,-0.15823902045474267,0.5074863556975707
JZUFKLXOESDKRF-UHFFFAOYSA-N,Clc1c(S(=O)(=O)N)cc2S(=O)(=O)NCNc2c1,-0.75341875768509,-0.9774120945819366
JZUTXVTYJDCMDU-UHFFFAOYSA-N,O(C)c1c(OC)ccc2C(C3N(C)CCc4c3cc3OCOc3c4)OC(=O)c12,-0.977601141795486,0.3549583868423025
KAATUXNTWXVJKI-UHFFFAOYSA-N,ClC(=CC1C(C)(C)C1C(=O)OC(C#N)c1cc(Oc2ccccc2)ccc1)Cl,-0.9505558923347904,1.6239724669886944
KAESVJOAVNADME-UHFFFAOYSA-N,[nH]1cccc1,0.30789344007099845,-0.9767301583539503
KANLOADZXMMCQA-UHFFFAOYSA-N,Cc1cc2c(c3c(cc2)cccc3)cc1,-1.2681505060250924,-0.8262346758400538
KDDQDUIBYASSFC-UHFFFAOYSA-N,FC(F)(F)c1c2[nH]c(=O)c3c(n(CC)c2nc(C)c1)nccc3,-0.7299508376977915,0.02085344186717507
KDYFGRWQOYBRFD-UHFFFAOYSA-N,O=C(O)CCC(=O)O,1.2613350820099252,0.1909507378355531
KENZYIHFBRWMOD-UHFFFAOYSA-N,Clc1c(Cl)ccc(c2c(Cl)ccc(Cl)c2)c1,-1.1505067506425695,-1.4728867916496393
KFIRODWJCYBBHY-UHFFFAOYSA-N,O=[N+]([O-])c1c(C(=O)O)c(C(=O)O)ccc1,-1.083723430673205,0.6391794837648171
KFNNIILCVOLYIR-UHFFFAOYSA-N,O=COCCC,1.6172393119091808,-0.44057872011199545
KFZMGEQAYNKOFK-UHFFFAOYSA-N,OC(C)C,1.2170888222163796,-0.7842218218928034
KGVPNLBXJKTABS-UHFFFAOYSA-N,Oc1noc(C)c1,0.011352876461140136,-0.6738711602248831
KHBQMWCZKVMBLN-UHFFFAOYSA-N,S(=O)(=O)(N)c1ccccc1,-1.2157596650712839,-0.11440490059936001
KHNYNFUTFKJLDD-UHFFFAOYSA-N,c12c3cccc1c1c4c(ccc1c2ccc3)cccc4,-1.389858595467082,-1.055477143296622
KIEDNEWSYUYDSN-UHFFFAOYSA-N,Clc1c(CN2C(=O)C(C)(C)CO2)cccc1,-0.948272607588604,0.0018083345646326182
KIGQVWWOESIMBG-UHFFFAOYSA-N,O=C(O)CN(CCC#N)CCC#N,1.2430228702855854,0.27388847805887256
KIVUHCNVDWYUNP-UHFFFAOYSA-N,Nc1c2c(c3c(c4c(cc3)cccc4)c1)cccc2,-1.4877692560377827,-1.0061973656980554
KIWUVOGUEXMXSV-UHFFFAOYSA-N,S=C1SCC(=O)N1,0.36234269792845425,-0.7936399771546488
KJONHKAYOJNZEC-UHFFFAOYSA-N,O=[N+]([O-])c1cc2C(=NCC(=O)Nc2cc1)c1ccccc1,-1.909380334270229,-0.013121826736592368
KJVQYDYPDFFJMP-UHFFFAOYSA-N,S(=O)(=O)(Nc1scc(C)n1)c1ccc(N)cc1,-0.8853764293714981,-0.2931819611572494
KMAQZIILEGKYQZ-UHFFFAOYSA-N,Clc1cc([N+](=O)[O-])ccc1,-1.7072028996806499,-0.835896692699971
KMRNTNDWADEIIX-UHFFFAOYSA-N,ICCC(=O)O,1.2529470893530257,0.19431244430106034
KNAHARQHSZJURB-UHFFFAOYSA-N,S=c1[nH]c(=O)cc(CCC)[nH]1,0.566080000379897,-0.4119151364647628
KOCYTWBTXZOUFS-UHFFFAOYSA-N,Cc1nc2ncncc2nc1,-0.0012673144745595029,-0.9922447952957736
KPQZUUQMTUIKBP-UHFFFAOYSA-N,O=[N+]([O-])c1n(CC(O)C)c(C)nc1,0.10284663659121578,0.07969596228590071
KPSSIOMAKSHJJG-UHFFFAOYSA-N,OCC(C)(C)C,1.3828775954061527,-0.6464490896347835
KQBFUDNJKCZEDQ-UHFFFAOYSA-N,Clc1c(Cl)c(Cl)cc(Cl)c1c1c(Cl)cc(Cl)c(Cl)c1,-0.6317280987756735,-1.6670015062711494
KQNPFQTWMSNSAP-UHFFFAOYSA-N,O=C(O)C(C)C,1.2256321601052758,0.22839549834215128
KRTSDMXIXPKRQR-UHFFFAOYSA-N,P(=O)(OC(=CC(=O)NC)C)(OC)OC,1.2473660850773,0.48841737464905743
KSCFJBIXMNOVSH-UHFFFAOYSA-N,O=c1n(C)c(=O)c2n(CC(O)CO)cnc2n1C,0.6169914486984793,0.26902229221934754
KSFDHSSNYJNHAN-UHFFFAOYSA-N,CC1=Nc2c(N=C(C)C1)cccc2,-0.7377090275144704,-0.53248633518704
KSMVNVHUTQZITP-UHFFFAOYSA-N,Clc1c(Cl)cc2c(oc3c2cc(Cl)c(Cl)c3)c1,-0.5295444110516356,-1.5328403969077466
KSUUMAWCGDNLFK-UHFFFAOYSA-N,O=C(NC(=O)C(C(C)C)CC=C)N,1.5913930618965537,0.45823938834506744
KTXUOWUHFLBZPW-UHFFFAOYSA-N,Clc1cc(c2cc(Cl)ccc2)ccc1,-1.2664158376503003,-1.2089577769489044
KUAZQDVKQLNFPE-UHFFFAOYSA-N,S(SC(=S)N(C)C)C(=S)N(C)C,1.1825226993233209,-0.7596439381153046
KUCQYCKVKVOKAY-UHFFFAOYSA-N,Clc1ccc(C2CCC(C3=C(O)C(=O)c4c(C3=O)cccc4)CC2)cc1,-1.2086066986710018,0.11397656733295672
KVBGVZZKJNLNJU-UHFFFAOYSA-N,S(=O)(=O)(O)c1cc2c(cc1)cccc2,-1.4444178629438675,-0.07684195698584192
KVFJBIQWENJTDM-UHFFFAOYSA-N,c12c3cc4c5c(ccc4c1CCc2ccc3)cccc5,-1.5252847523866708,-0.9131873462366872
KVZJLSYJROEPSQ-UHFFFAOYSA-N,CC1C(C)CCCC1,1.075069476595689,-0.9101279985456204
KWGRBVOPPLSCSI-WPRPVWTQSA-N,O[C@@H]([C@@H](NC)C)c1ccccc1,-0.5579161399065832,0.39355948458321016
KXYFWLVSYHRZJL-UHFFFAOYSA-N,O=C(N(CC(C)C)CC(C)C)COC(=O)c1ccccc1,-0.15730466588392772,2.1768681290187146
KZJRKRQSDZGHEC-UHFFFAOYSA-N,FC(F)(F)C(=O)c1ccccc1,-0.7693466707776093,0.839317483172042
KZNICNPSHKQLFF-UHFFFAOYSA-N,O=C1NC(=O)CC1,0.396947771968162,-0.627585937125084
KZOFCELNVLSKGC-UHFFFAOYSA-N,O=C(NCCc1cc(OC)c(OC)cc1)CNc1cc(C(=O)N)ccc1,-0.467040391723114,1.5893465143756198
KZTYYGOKRVBIMI-UHFFFAOYSA-N,S(=O)(=O)(c1ccccc1)c1ccccc1,-1.1345895114199813,-0.1541803880162638
LAIUFBWHERIJIH-UHFFFAOYSA-N,C(CCCC)(CC)C,1.9039481005947545,-0.8944043253038798
LCCNCVORNKJIRZ-UHFFFAOYSA-N,S=P(OCC)(OCC)Oc1ccc([N+](=O)[O-])cc1,-0.20035199860615108,0.10153323357472817
LDCFNNYCIXKMNJ-UHFFFAOYSA-N,O=C(N(CC(O)C)CC(O)C)COC(=O)c1ccccc1,-0.15215231002462076,2.207505655343356
LEBVLXFERQHONN-UHFFFAOYSA-N,O=C(Nc1c(C)cccc1C)C1N(CCCC)CCCC1,0.2842120374627487,1.3974386530130802
LESVOLZBIFDZGS-UHFFFAOYSA-N,S(P(=O)(OC)OC)CCSC(C(=O)NC)C,1.6013528623447064,0.8295408994523611
LFKDJXLFVYVEFG-UHFFFAOYSA-N,O=C(OC(C)(C)C)N,1.237455653238204,0.21302107777147525
LFQSCWFLJHTTHZ-UHFFFAOYSA-N,OCC,1.5430422398911625,-0.6131167713772997
LFVLUOAHQIVABZ-UHFFFAOYSA-N,Ic1c(Cl)cc(OP(=S)(OC)OC)c(Cl)c1,-0.2552090938314987,-0.9845502044305663
LGDSHSYDSCRFAB-UHFFFAOYSA-N,S=C=NC,0.9898955782506366,-1.2858201202208714
LHRCREOYAASXPZ-UHFFFAOYSA-N,c12c3c(ccc1cc1c4c(ccc1c2)cccc4)cccc3,-1.3751642219554456,-0.9966519247665416
LHXDLQBQYFFVNW-UHFFFAOYSA-N,O=C1C(C)(C)C2CC1(C)CC2,0.6952602754660573,-0.26932279306246854
LINPVWIEWJTEEJ-UHFFFAOYSA-N,Clc1cc2C(O)(C(=O)OC)c3c(c2cc1)cccc3,-1.2685460626144556,0.7393342434321105
LJCFRMUKLSCNKV-UHFFFAOYSA-N,O=C(N(CCOC)CCOC)COC(=O)c1ccccc1,-0.2605423278836824,2.222019592730637
LJOZMWRYMKECFF-UHFFFAOYSA-N,Ic1c(C(=O)Nc2ccccc2)cccc1,-0.8647385123362954,1.0270960963162472
LKJPSUCKSLORMF-UHFFFAOYSA-N,Clc1ccc(NC(=O)N(OC)C)cc1,-0.35465468230459557,0.8363821431764618
LKPLKUMXSAEKID-UHFFFAOYSA-N,Clc1c(Cl)c(Cl)c([N+](=O)[O-])c(Cl)c1Cl,-0.18901407404745693,-1.2002128811259385
LMHCYRULPLGEEZ-UHFFFAOYSA-N,ICCCCCCC,1.928009507418183,-1.0437186671555545
LMINNBXUMGNKMM-UHFFFAOYSA-N,O=C(O)Cc1cc2N(C)c3c(Sc2cc1)cccc3,-0.755010296273379,1.1130392252746648
LMTGCJANOQOGPI-UHFFFAOYSA-N,O=C(N(C)c1ccccc1)C,-0.49979446973319364,0.923919542390523
LMYRWZFENFIFIT-UHFFFAOYSA-N,S(=O)(=O)(N)c1ccc(C)cc1,-0.5933515078053785,-0.38600841956717735
LNVGTRNKWNAINT-UHFFFAOYSA-N,S(=O)(=O)(N)c1sc2C(O)CCS(=O)(=O)c2c1,-0.3404910210643976,-0.1665281782024654
LOAUVZALPPNFOQ-UHFFFAOYSA-N,O=C(O)c1nc2c(cc1)cccc2,-0.9785383065294234,0.5168507532184845
LPAGFVYQRIESJQ-UHFFFAOYSA-N,N1c2c(cccc2)CC1,-0.949980014470361,-0.729649376296546
LQLIEICEYDIWLO-UHFFFAOYSA-N,O=C1C(CC(C)C)OC(O)C(Cc2ccccc2)N1,-0.3576300427135992,0.9003938519252048
LQZZUXJYWNFBMV-UHFFFAOYSA-N,OCCCCCCCCCCCC,2.1205042631316293,-0.6564941873722209
LRQUYRADZABVMX-UHFFFAOYSA-N,S(=O)(=O)(N)c1scc(S(=O)(=O)c2cc(O)ccc2)c1,-1.2395042203897713,-0.058933712716461244
LRUUNMYPIBZBQH-UHFFFAOYSA-N,Clc1c(Cl)ccc(n2c(=O)n(C)c(=O)o2)c1,-0.8790551629521856,-0.6232724894376511
LSPHULWDVZXLIL-UHFFFAOYSA-N,O=C(O)C1(C)C(C)(C)C(C(=O)O)CC1,1.2209804403504225,0.6454488793595045
LSXKDWGTSHCFPP-UHFFFAOYSA-N,BrCCCCCCC,1.9446714743457727,-0.9376275106938277
LTEQMZWBSYACLV-UHFFFAOYSA-N,C(CCC)CCc1ccccc1,0.18633626061846498,-0.11408731014800609
LUALIOATIOESLM-UHFFFAOYSA-N,OC1CCN(CCCN2c3c(Sc4c2cccc4)ccc(C#N)c3)CC1,-0.7550176484788249,0.2792863763561303
LUKBXSAWLPMMSZ-OWOJBTEDSA-N,Oc1cc(O)cc(/C=C/c2ccc(O)cc2)c1,-0.4671425646081165,-0.3832928312237166
LVHBHZANLOWSRM-UHFFFAOYSA-N,O=C(O)C(=C)CC(=O)O,1.1943496143976144,0.3678582536076427
LWLJUMBEZJHXHV-UHFFFAOYSA-N,ClC1(C(=C(Cl)C(=C1Cl)Cl)Cl)C1(Cl)C(=C(Cl)C(=C1Cl)Cl)Cl,0.2619963313904774,-1.4957125895342256
LWULXYSYLOIDQY-UHFFFAOYSA-N,O=[N+]([O-])c1c(OC(=O)C)c(C(C)(C)C)cc([N+](=O)[O-])c1C,-0.19280199267092524,0.48443768361313183
LXMSZDCAJNLERA-ZHYRCANASA-N,S(C(=O)C)[C@H]1[C@H]2[C@H]3[C@@](C)([C@@]4(OC(=O)CC4)CC3)CC[C@@H]2[C@]2(C)C(=CC(=O)CC2)C1,0.6425727305832581,1.1727973566850027
LYCAIKOWRPUZTN-UHFFFAOYSA-N,OCCO,1.1892907369885222,-0.8279880358220469
LYGJENNIWJXYER-UHFFFAOYSA-N,O=[N+]([O-])C,0.6676110326500088,-0.9236223941613932
MAEIEVLCKWDQJH-UHFFFAOYSA-N,S(=O)(=O)(N)c1c(Oc2ccccc2)c(NCCCC)cc(C(=O)O)c1,-0.295718672166424,1.7801996921392673
MAZCFXDIYXGRAD-UHFFFAOYSA-N,S(=O)(=O)(N)c1sc2S(=O)(=O)CCC(O)c2c1,-0.45036363777946564,-0.2452886475826342
MBAIEZXRGAOPKH-UHFFFAOYSA-N,c12c3c4ccc1CCCc2ccc3CCC4,-0.3574843222353469,-0.9250802562158398
MBDMKWJEKDHRRP-UHFFFAOYSA-N,Clc1nc(N(NS(=O)(=O)c2c(C(=O)OCC)cccc2)C=O)nc(OC)c1,-0.7079765088188452,1.5051098421301872
MBDUIEKYVPVZJH-UHFFFAOYSA-N,S(=O)(=O)(CC)CC,1.2763640891090977,-0.6505391576540848
MBRLOUHOWLUMFF-UHFFFAOYSA-N,O(C)c1c(CC=C(C)C)c2oc(=O)ccc2cc1,0.028623488986113367,0.41931477534292194
MCOQHIWZJUDQIC-UHFFFAOYSA-N,ClCC#CCOC(=O)Nc1cc(Cl)ccc1,-0.824987842224843,0.8400415192194732
MCSAJNNLRCFZED-UHFFFAOYSA-N,O=[N+]([O-])CC,1.0850532846942889,-0.7256659521426374
MCWXGJITAZMZEV-UHFFFAOYSA-N,S=P(SCC(=O)NC)(OC)OC,1.4862885317439323,0.6256004699348156
METKIMKYRPQLGS-UHFFFAOYSA-N,O=C(N)Cc1ccc(OCC(O)CNC(C)C)cc1,0.3222796248459563,1.337600223781441
MFOUDYKPLGXPGO-UHFFFAOYSA-N,ClCC(=O)N(C(C)C)c1ccccc1,-0.3554333307649821,1.1958194672999602
MGWAVDBGNNKXQV-UHFFFAOYSA-N,O=C(OCC(C)C)c1c(C(=O)OCC(C)C)cccc1,-0.08768550746636532,1.363411327365776
MHWLWQUZZRMNGJ-UHFFFAOYSA-N,O=C(O)c1c(=O)c2c(n(CC)c1)nc(C)cc2,0.0677275601205485,1.144131236742279
MLKXDPUZXIRXEP-RQZCQDPDSA-N,S(=O)(C)c1ccc(/C=C/2\C(=C(CC(=O)O)c3c2ccc(F)c3)C)cc1,-0.06221008154233065,0.8784404445486622
MLUCVPSAIODCQM-UHFFFAOYSA-N,O=CC=CC,1.0123163041801264,-0.8723755981571482
MOCKWYUCPREFCZ-UHFFFAOYSA-N,O=C(NN)Nc1ccccc1,-0.8689559701069994,0.9513357769427793
MORLYCDUFHDZKO-UHFFFAOYSA-N,P(=O)(O)(CCC(=O)O)c1ccccc1,-0.46902511810794456,0.8600454868805621
MOYKHGMNXAOIAT-UHFFFAOYSA-N,O=[N+](OC1C2OCC(O[N+](=O)[O-])C2OC1)[O-],0.48672791184436703,-0.6787888009546774
MPHPHYZQRGLTBO-UHFFFAOYSA-N,O=C1C(CCC)C(=O)n2n1c(N(C)C)nc1c2cc(C)cc1,-0.014210697566544648,0.11521546813204947
MQIUGAXCHLFZKX-UHFFFAOYSA-N,O=C(OCCCCCCCC)c1c(C(=O)OCCCCCCCC)cccc1,0.5167169189915491,1.3536161357207745
MQJKPEGWNLWLTK-UHFFFAOYSA-N,S(=O)(=O)(c1ccc(N)cc1)c1ccc(N)cc1,-0.7686588449232181,-0.5870440549068946
MSMHOCZOEWMZOH-UHFFFAOYSA-N,O=C(NC(CO)(CO)CO)COC(=O)c1ccccc1,-0.5383635278239489,1.9988117669290135
MSXVEPNJUHWQHW-UHFFFAOYSA-N,OC(CC)(C)C,1.5641257037301963,-0.6471142743039551
MTBZIGHNGSTDJV-UHFFFAOYSA-N,S=P(OCC)(OCC)N1C(=O)c2c(C1=O)cccc2,-0.36409251110774343,0.3780870267770135
MTCPZNVSDFCBBE-UHFFFAOYSA-N,Clc1c(c2c(Cl)cccc2Cl)c(Cl)cc(Cl)c1,-1.261901173199399,-1.264148479333903
MUBZPKHOEPUJKR-UHFFFAOYSA-N,O=C(O)C(=O)O,0.9200057320631184,-0.0464022317622375
MUKSMBAVCDPKRC-UHFFFAOYSA-N,O=C1N(C)c2c(Oc3ncc(N)cc13)cc(C)cc2,-0.9395499154484626,-0.38081709120590856
MVPPADPHJFYWMZ-UHFFFAOYSA-N,Clc1ccccc1,-1.2197142251950464,-0.80330323155649
MVQVNTPHUGQQHK-UHFFFAOYSA-N,OCc1cnccc1,-0.4168906238635812,-0.32239120740576205
MWBPRDONLNQCFV-UHFFFAOYSA-N,ClC(=C(Cl)CSC(=O)N(C(C)C)C(C)C)Cl,1.3714201314172303,0.38695939301728965
MWKFXSUHUHTGQN-UHFFFAOYSA-N,OCCCCCCCCCC,2.1205042631316293,-0.6564941873722209
MWOOGOJBHIARFG-UHFFFAOYSA-N,O=Cc1cc(OC)c(O)cc1,-0.29813619620304466,0.21023766024917176
MWPLVEDNUUSJAV-UHFFFAOYSA-N,c12c(cc3c(c1)cccc3)cccc2,-1.2399253901315481,-0.9075958794939935
MWWATHDPGQKSAR-UHFFFAOYSA-N,C(#C)C,0.9525348647259128,-1.2646265567893105
MXBNEEHQIDLPLQ-UHFFFAOYSA-N,O=C1N2C(C(=O)Nc3c1cccc3)CCC2,-1.0170857255462131,0.15405343789282647
MXXWOMGUGJBKIW-UHFFFAOYSA-N,O=C(C=CC=Cc1cc2OCOc2cc1)N1CCCCC1,-0.46750447866444533,0.37459099709527904
MZZBPDKVEFVLFF-UHFFFAOYSA-N,Clc1nc(NC(C#N)(C)C)nc(NCC)n1,0.8005752345748328,-1.084452267188387
NAEAAGULDNVNCW-UHFFFAOYSA-N,O=C(OCC)N1CCN(C(=O)OCC)CC1,1.5912211254406454,0.7839462314591878
NBBJYMSMWIIQGU-UHFFFAOYSA-N,O=CCC,1.4220308593913729,-0.6688378745380119
NBFMTHWVRBOVPE-UHFFFAOYSA-N,Clc1cc2Oc3c(Oc2cc1)cc(Cl)cc3,-0.9709035045954518,-1.4040688859155577
NBQCNZYJJMBDKY-UHFFFAOYSA-N,Clc1c(=O)n(C(C)(C)C)c(=O)[nH]c1C,0.3146823255678355,-0.800386547361411
NCYHCGGUQGDEQW-UHFFFAOYSA-N,Clc1c(Cl)c(Cl)c(OC)c(OC)c1Cl,0.4006833915390201,-1.1435531787620155
NDAUXUAQIAJITI-UHFFFAOYSA-N,OC(CNC(C)(C)C)c1cc(CO)c(O)cc1,-0.07624452087411253,0.03788381410028869
NDDAHWYSQHTHNT-UHFFFAOYSA-N,Clc1c(S(=O)(=O)N)cc(C(=O)NN2C(C)Cc3c2cccc3)cc1,-1.378851682964004,1.0175911690397001
NFACJZMKEDPNKN-UHFFFAOYSA-N,ClC(Cl)(Cl)C(P(=O)(OC)OC)O,1.1194253346440968,-0.2472385019600048
NFBOHOGPQUYFRF-UHFFFAOYSA-N,O1c2c(Oc3c1cccc3)cccc2,-0.9511950994492032,-0.8925485971085406
NGFMICBWJRZIBI-UHFFFAOYSA-N,O(c1c(CO)cccc1)C1C(O)C(O)C(O)C(CO)O1,-0.515138274162912,0.18753039472653027
NHOWDZOIZKMVAI-UHFFFAOYSA-N,Clc1c(C(O)(c2cncnc2)c2ccc(Cl)cc2)cccc1,-1.2586645463942998,-0.7410403907028831
NHPPIJMARIVBGU-UHFFFAOYSA-N,Ic1c2c(ccc1)cccc2,-1.1964059655018129,-0.9220642472160965
NHTGQOXRZFUGJX-UHFFFAOYSA-N,Clc1c(Cl)c(Cl)c2nccnc2c1Cl,-0.33226768951935454,-1.4923854544741406
NHTMVDHEPJAVLT-UHFFFAOYSA-N,C(CC(C)C)(C)(C)C,1.3456120245287706,-0.9606746260537444
NIHNNTQXNPWCJQ-UHFFFAOYSA-N,c12c3c(cccc3)Cc1cccc2,-0.9777710506576697,-0.730046648240557
NIPDVSLAMPAWTP-UHFFFAOYSA-N,O=[N+]([O-])c1cc(N)c(OC)cc1,-0.983599890483365,-0.2024246753000541
NKDDWNXOKDWJAK-UHFFFAOYSA-N,O(COC)C,1.2528211219349696,-0.7759538287124783
NKPDCGFEJUINIK-UHFFFAOYSA-N,S(=O)(=O)(N)c1occ(S(=O)(=O)c2ccc(O)cc2)c1,-0.9328791590665226,-0.23582297676310618
NMWSKOLWZZWHPL-UHFFFAOYSA-N,Clc1cc(c2ccccc2)ccc1,-1.573103796280138,-0.8622365588563331
NOOBQTYVTDBXTL-UHFFFAOYSA-N,S(=O)(=O)(N)c1sc2c(n1)ccc(O)c2,-0.9155020622025055,-0.3259774361560909
NOQGZXFMHARMLW-UHFFFAOYSA-N,O=C(O)CCC(=O)NN(C)C,1.4714333907284796,0.6664426293359095
NPPQSCRMBWNHMW-UHFFFAOYSA-N,O=C(OCC(COC(=O)N)(CCC)C)N,1.8514991986551224,0.6083762933065793
NPUKDXXFDDZOKR-UHFFFAOYSA-N,O=C(OCC)c1n(C(C)c2ccccc2)cnc1,-0.14986765235207147,1.7227924793978728
NQDJXKOVJZTUJA-UHFFFAOYSA-N,O=c1[nH]c2c(C)ccnc2n(C2CC2)c2ncccc12,-0.824447110500254,0.2151704362068031
NQRLPDFELNCFHW-UHFFFAOYSA-N,O=[N+]([O-])c1ccc(NC(=O)C)cc1,-0.501096903198734,0.6665666928180602
NQRYJNQNLNOLGT-UHFFFAOYSA-N,N1CCCCC1,0.8137776427011574,-1.350800583720284
NRGGMCIBEHEAIL-UHFFFAOYSA-N,C(C)c1ncccc1,-0.38846400150374794,-0.40883613760841325
NRXQIUSYPAHGNM-UHFFFAOYSA-N,Ic1c(O)c(I)cc(C#N)c1,0.14211542041973887,-0.6477478023044957
NSMWYRLQHIXVAP-UHFFFAOYSA-N,CC1NCC(C)NC1,1.0107348156955844,-1.028486903229933
NTBYINQTYWZXLH-UHFFFAOYSA-N,Clc1c(Cl)ccc([N+](=O)[O-])c1,-1.3580474833312453,-1.003141199802073
NURQLCJSMXZBPC-UHFFFAOYSA-N,Cc1c(C)ccnc1,-0.3011415163765278,-0.8834647761065518
NVKAWKQGWWIWPM-UHFFFAOYSA-N,O=C1CC2C(C)(C3C(C4C(C)(C(O)CC4)CC3)CC2)CC1,1.0467717924905995,0.43554040793036913
NXBNYUSXDBHELA-UHFFFAOYSA-N,O=C(C=Cc1ccc(OC)cc1)c1c(O)cccc1,-0.6062329617687484,1.0240309514653172
NXFQHRVNIOXGAQ-YCRREMRBSA-N,O=[N+]([O-])c1oc(/C=N/N2C(=O)NC(=O)C2)cc1,-0.9067112611293063,-0.4088701697931367
NXQDBZGWYSEGFL-UHFFFAOYSA-N,Clc1ccc(N(C(=O)CSP(=S)(OC)OC)C(C)C)cc1,0.07361634045782486,0.9070426105865803
NYHAZDHVIPVSDM-UHFFFAOYSA-N,ON=C1C(=NO)CCC(C(C)C)C1,0.9328343722411695,-0.32377163320285063
NYQDCVLCJXRDSK-UHFFFAOYSA-N,Brc1c(Cl)cc(OP(=S)(OC)OC)c(Cl)c1,-0.28018356635532643,-0.9955052253809649
NZDAAPUTURAWII-UHFFFAOYSA-N,O=C(NC(=O)C)COC(=O)c1ccccc1,-0.2981984249838038,2.1888048014183092
NZNPHIKNHGRVLZ-UHFFFAOYSA-N,O=C(NC(C)(C)C)COC(=O)c1ccccc1,-0.33831794291098427,2.1531417434517253
OBKHYUIZSOIEPG-UHFFFAOYSA-N,CC1(C)CC(C)CC1,1.0915411017084071,-0.772519958708947
OBMLHUPNRURLOK-UHFFFAOYSA-N,OC1C2(C)C(C3C(C4(C)C(CC5SC5C4)CC3)CC2)CC1,1.4101877978830228,-0.0984070066636366
ODCWYMIRDDJXKW-UHFFFAOYSA-N,Clc1nc(NCC)nc(NCC)n1,0.7608098789437038,-1.0986372020564965
OFDYMSKSGFSLLM-UHFFFAOYSA-N,FC(F)(F)c1c(N)c([N+](=O)[O-])c(N(CC)CC)c([N+](=O)[O-])c1,-0.08613149175476562,-0.22957057759525404
OGBQILNBLMPPDP-UHFFFAOYSA-N,Clc1c(Cl)c2oc3c(c2cc1Cl)cc(Cl)c(Cl)c3,-0.555142460039589,-1.5914755320844327
OGDVEMNWJVYAJL-UHFFFAOYSA-N,O(CC)c1c2OC3C(O)C=CC4C53c2c(cc1)CC4N(C)CC5,0.2304436345806446,0.6896397034383623
OGHNVEJMJSYVRP-UHFFFAOYSA-N,O(CCNCC(O)COc1c2c([nH]c3c2cccc3)ccc1)c1c(OC)cccc1,-0.5432236012311007,0.6473198735106497
OGJPXUAPXNRGGI-UHFFFAOYSA-N,Fc1c(N2CCNCC2)cc2n(CC)cc(C(=O)O)c(=O)c2c1,0.38301119534287414,1.4037890125595156
OISVCGZHLKNMSJ-UHFFFAOYSA-N,Cc1nc(C)ccc1,-0.6613105260569364,-0.8166950353440361
OJPDDQSCZGTACX-UHFFFAOYSA-N,OCCN(CCO)c1ccccc1,-0.5156818947868199,0.1688178801453432
OJXOXNIZNJIMLU-UHFFFAOYSA-N,S(=O)(=O)(N)c1scc(C(=O)c2ccc(O)cc2)c1,-0.7259035537889805,0.34146448085547565
OKKJLVBELUTLKV-UHFFFAOYSA-N,OC,1.098803595825544,-0.8717221840253185
OKQHSIGMOWQUIK-UHFFFAOYSA-N,O(CCO)Cn1c2nc(N)ncc2nc1,0.22343945508663762,-0.18159045989093348
OKXVARYIKDXAEO-UHFFFAOYSA-N,OC(C(C)(C)C)(C)C,1.128918662115155,-0.8618682526583717
ONKUXPIBXRRIDU-UHFFFAOYSA-N,O=C(OCC)CCCCCCCCC(=O)OCC,1.9962927955201222,0.6283084922712059
ONUFESLQCSAYKA-UHFFFAOYSA-N,Clc1cc(Cl)cc(N2C(=O)N(C(=O)NC(C)C)CC2=O)c1,-0.018026443759864372,0.4594871397989344
ONXPZLFXDMAPRO-UHFFFAOYSA-N,Clc1c(Cl)c(Cl)c(c(Cl)c1Cl)c1c(Cl)c(Cl)c(Cl)c(Cl)c1Cl,0.13812133906276622,-1.5870686435878485
OPNPQXLQERQBBV-UHFFFAOYSA-N,BrC(C(=O)NC(=O)N)(CC)CC,1.1983730613929462,0.4844081259031602
OQANPHBRHBJGNZ-BKUYFWCQSA-N,S(=O)(=O)(Nc1ncccc1)c1ccc(N/N=C/2\C=C(C(=O)O)C(=O)C=C2)cc1,-1.322746078200483,1.1792228707191323
OQEBBZSWEGYTPG-UHFFFAOYSA-N,O=C(O)CC(N)C,1.444835596810037,0.469145312167274
OQZCSNDVOWYALR-UHFFFAOYSA-N,ClCC1C(Cl)C(=O)N(c2cc(C(F)(F)F)ccc2)C1,-0.9228917626705287,0.0934154561203359
ORNBQBCIOKFOEO-UHFFFAOYSA-N,O=C(C)C1C2(C)C(C3C(C4(C)C(=CC3)CC(O)CC4)CC2)CC1,0.7007015557210216,1.0037479344068838
OSSQSXOTMIGBCF-UHFFFAOYSA-N,C(#C)CCCCCCC,1.857901723438639,-1.060426048734969
OTKXWJHPGBRXCR-UHFFFAOYSA-N,Clc1c(OP(=S)(OC)OC)ccc([N+](=O)[O-])c1,-1.1437621592626757,-0.5073027319266443
OTLNPYWUJOZPPA-UHFFFAOYSA-N,O=[N+]([O-])c1ccc(C(=O)O)cc1,-0.7325079662599623,0.5294457388475144
OTQFXRBLGNEOGH-UHFFFAOYSA-N,Clc1c2Oc3c(c(Cl)cc(Cl)c3)Oc2cc(Cl)c1,-0.5764137373759787,-1.6089071791114846
OTVAEFIXJLOWRX-UHFFFAOYSA-N,ClC(Cl)C(=O)NC(C(O)c1ccc(S(=O)(=O)C)cc1)CO,-0.014415672776270183,0.7465278487754039
OUDSBRTVNLOZBN-UHFFFAOYSA-N,S(=O)(=O)(NC(=O)NN1CCCCCC1)c1ccc(C)cc1,-0.39386821207096373,0.8568638965723826
OWWVHQUOYSPNNE-UHFFFAOYSA-N,O=C(OCCN(CC)CC)c1ccc(OCC)cc1,0.503560324292546,1.5909986355610655
OWZPCEFYPSAJFR-UHFFFAOYSA-N,O=[N+]([O-])c1c(O)c(C(CC)C)cc([N+](=O)[O-])c1,0.12382703927306132,0.06258619566997335
OXNIZHLAWKMVMX-UHFFFAOYSA-N,O=[N+]([O-])c1c(O)c([N+](=O)[O-])cc([N+](=O)[O-])c1,-0.5775038653159726,-0.44365995970142524
OXQGTIUCKGYOAA-UHFFFAOYSA-N,O=C(O)C(CC)CC,1.640314018711413,0.41840124190961014
OZWKMVRBQXNZKK-UHFFFAOYSA-N,O=C(c1n2c(C(C(=O)O)CC2)cc1)c1ccccc1,-0.7781066031773881,1.2902694711591243
PAMIQIKDUOTOBW-UHFFFAOYSA-N,CN1CCCCC1,0.8767296007802788,-1.0109585183404803
PAYRUJLWNCNPSJ-UHFFFAOYSA-N,Nc1ccccc1,-1.0440690175304097,-0.5455621669766949
PBAYDYUZOSNJGU-UHFFFAOYSA-N,O=C(O)c1oc(C(=O)O)cc(=O)c1,-0.1071433644517256,0.3082175900184004
PBBGSZCBWVPOOL-UHFFFAOYSA-N,Oc1ccc(C(C(CC)c2ccc(O)cc2)CC)cc1,0.3702076540387018,-0.08139291173381458
PBMFSQRYOILNGV-UHFFFAOYSA-N,n1ncccc1,0.030866009199535492,-1.183043494475117
PDQAZBWRQCGBEV-UHFFFAOYSA-N,S=C1NCCN1,0.4301486869583699,-1.294142373565114
PDRGHUMCVRDZLQ-UHFFFAOYSA-N,O=C1C2(C)C(c3c(c4c(cc(O)cc4)cc3)CC2)CC1,-0.5793565873279488,0.2510868873799836
PEDCQBHIVMGVHV-UHFFFAOYSA-N,OC(CO)CO,1.2360807891306107,-0.7464518543586998
PEQHIRFAKIASBK-UHFFFAOYSA-N,C(c1ccccc1)(c1ccccc1)(c1ccccc1)c1ccccc1,-0.9370965028727656,-0.5311633741146591
PFIADAMVCJPXSF-UHFFFAOYSA-N,Clc1c(OC)cc(Cl)c(OC)c1,-0.29148553855871456,-0.985376664721272
PHEOVVDXTQVHAZ-UHFFFAOYSA-N,O=C(OCC(=O)C1(O)C2(C)C(C3C(C4(C)C(=CC(=O)C=C4)CC3)C(O)C2)CC1)C(C)(C)C,0.9899052418624589,1.97880308367541
PHTQWCKDNZKARW-UHFFFAOYSA-N,OCCC(C)C,1.5155479378755472,-0.5407550682509924
PJANXHGTPQOBST-VAWYXSNFSA-N,C(=C\c1ccccc1)/c1ccccc1,-0.9073712683767226,-0.5267190091896983
PJGSXYOJTGTZAV-UHFFFAOYSA-N,O=C(C(C)(C)C)C,1.23359357542692,-0.031363387574673045
PKOFBDHYTMYVGJ-UHFFFAOYSA-N,S(=O)(=O)(N)c1ccc(NC(=O)C)cc1,-0.38999122679673676,0.768719676977589
PLAZTCDQAHEYBI-UHFFFAOYSA-N,O=[N+]([O-])c1c(C)cccc1,-1.2261040440525544,-0.27919193268058706
PNVJTZOFSHSLTO-UHFFFAOYSA-N,S=P(OC)(OC)Oc1cc(C)c(SC)cc1,-0.39242888155988265,-0.5335116188703047
POAOYUHQDCAZBD-UHFFFAOYSA-N,O(CCO)CCCC,2.0230326237443728,-0.23092556242132603
POULHZVOKOAJMA-UHFFFAOYSA-N,O=C(O)CCCCCCCCCCC,2.201420340768766,0.3816840383130141
POZRVZJJTULAOH-UHFFFAOYSA-N,OC1(C#C)C2(C)C(C3C(C4(C)C(=Cc5oncc5C4)CC3)CC2)CC1,0.47761739425786576,0.19532897942560068
PPQNQXQZIWHJRB-UHFFFAOYSA-N,Cc1c2c3c(cc4c5c(ccc4c3CC2)cccc5)cc1,-1.176100417269397,-0.37599005224947274
PQSUYGKTWSAVDQ-ZVIOFETBSA-N,O=C(CO)[C@@H]1[C@]2(C=O)[C@H]([C@H]3[C@H]([C@@H](O)C2)[C@]2(C)C(=CC(=O)CC2)CC3)CC1,0.9621568946467207,1.5260581410858385
PRLMFHYBTOQSLN-UHFFFAOYSA-N,S(C)c1nc(N(C)C)nc(N(C)C)n1,0.5530541097032101,-1.068827655456434
PTFJIKYUEPWBMS-UHFFFAOYSA-N,FC(F)(F)c1cc([N+](=O)[O-])c(N(CC(=C)C)CC)c([N+](=O)[O-])c1,0.18195921128991488,0.15847588436479645
PUFQVTATUTYEAL-UHFFFAOYSA-N,O=C(NCCN(CC)CC)c1c2c(nc(OCCCC)c1)cccc2,-0.1667335570620344,1.6427711705582324
PUIYMUZLKQOUOZ-UHFFFAOYSA-N,O=C(N(C)C)Nc1ccc(C(C)C)cc1,-0.1038423989936132,0.7543492063642702
PUJDIJCNWFYVJX-UHFFFAOYSA-N,O=C(OCc1ccccc1)N,-0.4934637164448997,1.2641668395518935
PUXBGTOOZJQSKH-UHFFFAOYSA-N,Clc1cc2c([nH]c3c2ccc(C(C(=O)O)C)c3)cc1,-0.5781991194502568,0.3850574002727659
PWATWSYOIIXYMA-UHFFFAOYSA-N,C(CCc1ccccc1)CC,0.10954077494884316,-0.10018353162449227
PWNAWOCHVWERAR-UHFFFAOYSA-N,Clc1c(CN(CC)c2c([N+](=O)[O-])cc(C(F)(F)F)cc2[N+](=O)[O-])c(F)ccc1,-0.9796381562666161,-0.26248095315117204
PXWLVJLKJGVOKE-UHFFFAOYSA-N,O=c1n(n(C)c(C)c1C(C)C)c1ccccc1,-0.890895972222756,0.20822311900726154
PXWUKZGIHQRDHL-UHFFFAOYSA-N,O(C)c1nc(NC(C)C)nc(NCC)n1,1.0941036155181036,-0.5303605249888207
PYGXAGIECVVIOZ-UHFFFAOYSA-N,O=C(OCCCC)CCCCCCCCC(=O)OCCCC,2.27452178158135,0.6151955035284898
QANMHLXAZMSUEX-UHFFFAOYSA-N,N(Cc1occc1)c1ncnc2[nH]cnc12,-0.6475855468720189,-0.5430383799241801
QAYICIQNSGETAS-UHFFFAOYSA-N,S=C1N(C)CN(C)CS1,0.508172775560163,-1.0062266778877198
QBSJMKIUCUGGNG-UHFFFAOYSA-N,O=C(Oc1c(C(C)C)cccc1)NC,-0.4054925624798991,1.1763584024860607
QBYJBZPUGVGKQQ-SJJAEHHWSA-N,ClC1(Cl)[C@]2(Cl)C(=C(Cl)[C@@]1(Cl)[C@@H]1[C@H]2[C@H]2C=C[C@@H]1C2)Cl,-0.10502501523424036,-1.0679186646621646
QCDWFXQBSFUVSP-UHFFFAOYSA-N,O(CCO)c1ccccc1,-0.5769257207209323,0.3722107028995017
QCKHVNQHBOGZER-UHFFFAOYSA-N,Brc1c(Br)cc(Br)c(Br)c1,-0.18410478145853795,-1.2066858504587403
QCRFMSUKWRQZEM-UHFFFAOYSA-N,OC1CCCCCC1,1.0023493375524193,-0.7043991524862876
QFMDFTQOJHFVNR-UHFFFAOYSA-N,ClC(Cl)C(c1ccc(CC)cc1)c1ccc(CC)cc1,0.1700793076113832,-0.514718210497046
QGBSISYHAICWAH-UHFFFAOYSA-N,N#CN=C(N)N,0.8819454211682031,-0.9956813785732318
QHTQREMOGMZHJV-UHFFFAOYSA-N,Clc1ccc(CSC(=O)N(CC)CC)cc1,0.13323600778626335,0.3596345765244051
QHXDTLYEHWXDSO-UHFFFAOYSA-N,Clc1nc(N(CC)CC)nc(N(CC)CC)n1,0.7622777209534082,-1.1073405040809314
QIBWCUCLHZVYNL-UHFFFAOYSA-N,O=c1n(C)c2c(n(CC)c3ncccc13)cccc2,-0.7264113372583108,0.17017939137479884
QIGBRXMKCJKVMJ-UHFFFAOYSA-N,Oc1ccc(O)cc1,-0.2546552100938016,-0.633645108950137
QIQXTHQIDYTFRH-UHFFFAOYSA-N,O=C(O)CCCCCCCCCCCCCCCCC,2.201420340768766,0.3816840383130141
QKLSCPPJEVXONT-UHFFFAOYSA-N,S(=O)(=O)(Nc1nc(C)nc(OC)c1)c1ccc(N)cc1,-0.9813547853645737,0.04185309237205474
QNAYBMKLOCPYGJ-UHFFFAOYSA-N,O=C(O)C(N)C,1.2233046461496933,0.27797113017818104
QNIUOGIMJWORNZ-UHFFFAOYSA-N,O=C(OCCN(CC)CC)c1ccc(OCCCC)cc1,0.8529593984525832,1.5360185263962167
QPPBRPIAZZHUNT-UHFFFAOYSA-N,S(=O)(=O)(Nc1nc(C)ccn1)c1ccc(N)cc1,-0.6294758547058394,-0.07331703352844877
QQBKLRXLVRDKEB-UHFFFAOYSA-N,O=C1N(CO)C(=O)NC1(c1ccccc1)c1ccccc1,-0.6901107360181777,0.5842489993861506
QQODLKZGRKWIFG-UHFFFAOYSA-N,ClC(=CC1C(C)(C)C1C(=O)OC(C#N)c1cc(Oc2ccccc2)c(F)cc1)Cl,-0.96949919407091,1.7063457378683624
QRXWMOHMRWLFEY-UHFFFAOYSA-N,O=C(NN)c1ccncc1,-0.08900839776633038,0.6207001251010501
QSNYNWOQOIJCFV-UHFFFAOYSA-N,Fc1c(N2CC(NC)C2)c(F)cc2c(=O)c(C(=O)O)cn(C3CC3)c12,0.08028259257454909,1.7193132291011948
QTBSBXVTEAMEQO-UHFFFAOYSA-N,O=C(O)C,1.144690204437117,0.1729985073873739
QTSBFJRVBUIZJC-UHFFFAOYSA-N,Ic1cc(Nc2ncnc3c2cc2OC(COC)COc2c3)ccc1,-0.6170617927408599,0.08774339846137079
QUBSMEXIPLOOMC-UHFFFAOYSA-N,S(=O)(=O)(N)c1sc2SCCC(O)c2c1,-0.3788577895766636,-0.19666829912467115
QUEKGYQTRJVEQC-UHFFFAOYSA-N,Clc1c(C(=O)O)cc([N+](=O)[O-])cc1,-1.229377910436073,0.21338617873329438
QUIKDFWIKDMXIO-UHFFFAOYSA-N,O=C(COC(=O)c1ccccc1)N1C(C(=O)N)CCC1,-0.5481735080070061,2.4486839785367063
QUWAJPZDCZDTJS-UHFFFAOYSA-N,S(=O)(=O)(c1c(O)cccc1)c1c(O)cccc1,-0.9617444524958525,-0.00637602765735515
QVHJQCGUWFKTSE-YFKPBYRVSA-N,O=C(OC(C)(C)C)N[C@H](C(=O)O)C,1.2936784397376009,0.6974881243129508
QWCJHSGMANYXCW-UHFFFAOYSA-N,S(=O)(=O)(Nc1n(c2ccccc2)ncc1)c1ccc(N)cc1,-1.6064469566716095,0.197631296803622
QWCKQJZIFLGMSD-UHFFFAOYSA-N,O=C(O)C(N)CC,1.5966293090375412,0.500478325925694
QWUWMCYKGHVNAV-UHFFFAOYSA-N,C(Cc1ccccc1)c1ccccc1,-0.7263913083263777,-0.30982086245436796
QWVGKYWNOKOFNN-UHFFFAOYSA-N,Oc1c(C)cccc1,-0.6965190132925557,-0.2410715156225536
QXBUYALKJGBACG-UHFFFAOYSA-N,CN1c2c(Sc3c1cccc3)cccc2,-0.8613967581168852,-0.5233400322970914
QXJKBPAVAHBARF-UHFFFAOYSA-N,Clc1cc(Cl)cc(N2C(=O)C3(C)C(C)(C2=O)C3)c1,-0.3522325457097963,-0.5678904347863186
QXKHYNVANLEOEG-UHFFFAOYSA-N,O(C)c1c2occc2cc2c1oc(=O)cc2,-0.6056026345576262,-0.33066453082990394
QYPNKSZPJQQLRK-UHFFFAOYSA-N,O=C(N(NC(=O)c1ccc(CC)cc1)C(C)(C)C)c1cc(C)cc(C)c1,0.15427347727037746,1.0529742491568592
RDJGWRFTDZZXSM-UHFFFAOYSA-N,O(Cc1ccccc1)c1c2OC3C(O)C=CC4C53c2c(cc1)CC4N(C)CC5,-0.6317509058844717,1.1301546390380486
RDLPVSKMFDYCOR-UEKVPHQBSA-N,O=C(N[C@@H]1C(=O)N2C(=C(C)CS[C@H]12)C(=O)O)[C@H](N)C1=CCC=CC1,0.1170092627441247,1.2006387716102647
RDXLYGJSWZYTFJ-UHFFFAOYSA-N,O=[N+]([O-])c1sc(N2C(=O)NCC2)nc1,-0.6716650305893317,-0.5843295867138079
REIUXOLGHVXAEO-UHFFFAOYSA-N,OCCCCCCCCCCCCCCC,2.1205042631316293,-0.6564941873722209
REKQLYUAUXYJSZ-UHFFFAOYSA-N,O=C(NN)c1ccc(OC)cc1,0.15527808451711517,1.1924639845384581
RFDAIACWWDREDC-UHFFFAOYSA-N,O=C(O)CNC(=O)CCC(C)C1C2(C)C(O)CC3C4(C)C(CC(O)C3C2CC1)CC(O)CC4,1.70776637355475,1.4869267321807869
RFMMMVDNIPUKGG-UHFFFAOYSA-N,O=C(O)C(NC(=O)C)CCC(=O)O,1.5461320281452335,0.7265583957650996
RGCVKNLCSQQDEP-UHFFFAOYSA-N,Clc1cc2N(CCCN3CCN(CCO)CC3)c3c(Sc2cc1)cccc3,-1.1629710730788152,-0.22785020908388107
RGXWDWUGBIJHDO-UHFFFAOYSA-N,O=C(OCC)CCCCCCCCC,2.3227477249378414,0.6162244970831742
RHIROFAGUQOFLU-UHFFFAOYSA-N,Clc1c(Cl)c(Cl)c2c(c1Cl)oc1c(Cl)c(Cl)c(Cl)c(Cl)c21,0.16597184180753044,-1.586997048894154
RIGBPMDIGYBTBJ-UHFFFAOYSA-N,S(=O)(=O)(NC(=O)NC1CCCCC1)c1ccc(C)cc1,-0.25847256230640175,0.9846829200807877
RIZMRRKBZQXFOY-UHFFFAOYSA-N,S=P(SCSP(=S)(OCC)OCC)(OCC)OCC,1.549296195399928,-0.7140145468158331
RJKGJBPXVHTNJL-UHFFFAOYSA-N,O=[N+]([O-])c1c2c(ccc1)cccc2,-1.6557539213152288,-0.5767935139557815
RJMIEHBSYVWVIN-UHFFFAOYSA-N,O=C(O)C(C)c1ccc(N2C(=O)c3c(cccc3)C2)cc1,-0.7704039846721136,1.118630330621343
RJMUSRYZPJIFPJ-UHFFFAOYSA-N,Clc1c(NC(=O)c2c(O)ccc(Cl)c2)ccc([N+](=O)[O-])c1,-1.537351931297027,0.06016913205368022
RJNJWHFSKNJCTB-UHFFFAOYSA-N,O=C(NCc1ccccc1)N,-0.6194023286506113,1.0813009259787694
RJTJVVYSTUQWNI-UHFFFAOYSA-N,C(C)c1cc2c(cc1)cccc2,-0.7013345377472961,-0.3784364342687063
RJUFJBKOKNCXHH-UHFFFAOYSA-N,O=C(OC)CC,1.6692304395911488,0.5652207489734502
RKUNBYITZUJHSG-LGGPCSOHSA-N,O=C(OC1CC2N(C)C(C1)CC2)[C@H](CO)c1ccccc1,-0.27215712995834723,1.9139674454738864
RKWGIWYCVPQPMF-UHFFFAOYSA-N,Clc1ccc(S(=O)(=O)NC(=O)NCCC)cc1,-0.040238059981443794,0.6307766359475115
RLBIQVVOMOPOHC-UHFFFAOYSA-N,S=P(OC)(OC)Oc1ccc([N+](=O)[O-])cc1,-0.6542337940986925,-0.16140348135383223
RLFWWDJHLFCNIJ-UHFFFAOYSA-N,O=c1n(n(C)c(C)c1N)c1ccccc1,-1.0620923155043331,0.18317090279060652
RLLPVAHGXHCWKJ-UHFFFAOYSA-N,ClC(=CC1C(C)(C)C1C(=O)OCc1cc(Oc2ccccc2)ccc1)Cl,-0.7687942035141215,1.8327214520503772
RLPGDEORIPLBNF-UHFFFAOYSA-N,C(C(C)C)(C(C)C)C,1.0917827373520745,-1.1672518203212618
RLSSMJSEOOYNOY-UHFFFAOYSA-N,Oc1cc(C)ccc1,-0.7092415026482288,-0.3694562896382666
RMBFBMJGBANMMK-UHFFFAOYSA-N,O=[N+]([O-])c1c(C)ccc([N+](=O)[O-])c1,-1.000042315062061,-0.526829800795252
RMOUBSOVHSONPZ-UHFFFAOYSA-N,O=COC(C)C,1.1474576844285573,-0.5759004187143912
RNFNDJAIBTYOQL-UHFFFAOYSA-N,ClC(Cl)(Cl)C(O)O,0.8978055130969371,-1.0803690106405486
RNVCVTLRINQCPJ-UHFFFAOYSA-N,Nc1c(C)cccc1,-0.8376264480355119,-0.5940581913032544
RNWGZXAHUPFXLL-UHFFFAOYSA-N,O=[N+]([O-])c1cc2C(=O)OCc2cc1,-1.5012255700820054,-0.48939659325432244
RPUMZMSNLZHIGZ-UHFFFAOYSA-N,Clc1c(Cl)c(c2c(Cl)cc(Cl)c(Cl)c2)ccc1Cl,-0.9925570366767575,-1.517347196909609
RQVYBGPQFYCBGX-UHFFFAOYSA-N,S(C)c1nc(NC(C)C)nc(NCC)n1,1.1277079089997164,-0.8176151892423735
RQZAXGRLVPAYTJ-UHFFFAOYSA-N,O=C(OC1(C(=O)C)C2(C)C(C3C=C(C)C4=CC(=O)CCC4(C)C3CC2)CC1)C,0.6493268044925107,1.378049135569974
RRNIZKPFKNDSRS-UHFFFAOYSA-N,S(=O)(=O)(NCCSP(=S)(OC(C)C)OC(C)C)c1ccccc1,-0.5589361942943297,0.8037972347023417
RSDMFNVRFBIYRK-UHFFFAOYSA-N,O=C(COC(=O)c1ccccc1)N1CCC1,-0.5271823562021615,2.0937119018180828
RTHCYVBBDHJXIQ-UHFFFAOYSA-N,FC(F)(F)c1ccc(OC(CCNC)c2ccccc2)cc1,-0.5410903299700942,0.5085751791352752
RTZKZFJDLAIYFH-UHFFFAOYSA-N,O(CC)CC,1.4756942243316535,-0.7577166011206281
RTZZCYNQPHTPPL-UHFFFAOYSA-N,O=[N+]([O-])c1cc(O)ccc1,-1.3302297211835121,-0.1961346194260304
RVCTZJVBWNFYRU-UHFFFAOYSA-N,Brc1c([N+](=O)[O-])cc(C(=O)O)cc1,-0.9441349848046514,0.4810593011708546
RWLALWYNXFYRGW-UHFFFAOYSA-N,OC(C(CO)CC)CCC,1.7563053686074117,-0.5356804531709222
RWNKSTSCBHKHTB-UHFFFAOYSA-N,ClC(=C(Cl)C(=C(Cl)Cl)Cl)Cl,0.8361967269190529,-1.1249241892260708
RWRDLPDLKQPQOW-UHFFFAOYSA-N,N1CCCC1,0.8086823077628282,-1.3475941352017584
RXKNNAKAVAHBNK-UHFFFAOYSA-N,O=[N+]([O-])c1cc[n+]([O-])cc1,-0.7956670608425693,-0.6417189388461346
RXQCEGOUSFBKPI-UHFFFAOYSA-N,O=[N+]([O-])c1cc(N)c(OCCC)cc1,-0.4092620984450047,-0.007151506938246867
RZFZBHKDGHISSH-UHFFFAOYSA-N,Clc1c(c(Cl)cc(Cl)c1)c1ccc(Cl)cc1,-0.9882527613238536,-1.4073051587807988
RZILCCPWPBTYDO-UHFFFAOYSA-N,FC(F)(F)c1cc(NC(=O)N(C)C)ccc1,-0.6495218428292893,1.02179190870065
RZTAMFZIAATZDJ-UHFFFAOYSA-N,Clc1c(Cl)cccc1C1C(=C(C)NC(=C1C(=O)OC)C)C(=O)OCC,-0.22837465185763725,1.3642288471335946
RZVHIXYEVGDQDX-UHFFFAOYSA-N,O=C1c2c(C(=O)c3c1cccc3)cccc2,-1.0093739982456098,-0.3288486068055046
SAOKZLXYCUGLFA-UHFFFAOYSA-N,O=C(OCC(CCCC)CC)CCCCC(=O)OCC(CCCC)CC,2.2939336097471017,0.6531956770138373
SBPBAQFWLVIOKP-UHFFFAOYSA-N,Clc1c(Cl)cc(Cl)c(OP(=S)(OCC)OCC)n1,0.1297558800317788,-0.768035912800653
SBYAVOHNDJTVPA-UHFFFAOYSA-N,O=C(NCC(C)C)N1C(=O)NCC1,1.0101274983535267,0.8174896550464947
SBZXBUIDTXKZTM-UHFFFAOYSA-N,O(CCOC)CCOC,1.2696234430428546,-0.734593168915863
SDDBCEWUYXVGCQ-UHFFFAOYSA-N,Cc1c2c(c(C)ccc2)ccc1,-0.6644669350829536,-0.7758505868374025
SDKQRNRRDYRQKY-UHFFFAOYSA-N,O=C(Oc1c(C2OCCO2)cccc1)NC,-0.5064400702290921,1.2728883133327213
SDOJHDGZFOGOFD-UHFFFAOYSA-N,Cc1c(C)c2c(c3c1c1c(cc3)cccc1)cccc2,-1.0675017426162399,-0.8352815182760649
SECXISVLQFMRJM-UHFFFAOYSA-N,O=C1N(C)CCC1,0.535233610265808,-0.44974046774344956
SGEJQUSYQTVSIU-UHFFFAOYSA-N,S(C(=O)N(CCCC)CC)CCC,2.0164522724397687,0.2764775919549855
SGMHGVVTMOGJMX-UHFFFAOYSA-N,SCC(=O)Nc1cc2c(cc1)cccc2,-0.9613121013705439,0.7248659074413384
SGUAFYQXFOLMHL-UHFFFAOYSA-N,O=C(N)c1c(O)ccc(C(O)CNC(CCc2ccccc2)C)c1,-0.5977411677341696,1.523064586216638
SJNIEBAPMPLYAB-UHFFFAOYSA-N,Clc1c(=O)oc2c(c1C)cc(OP(=S)(OCC)OCC)cc2,-0.33628573101864834,-0.12728274362933445
SJRJJKPEHAURKC-UHFFFAOYSA-N,CN1CCOCC1,0.832661564955762,-1.053626063744963
SKGXYFVQZVPEFP-UHFFFAOYSA-N,Clc1c(Cl)c2Oc3c(Oc2cc1Cl)cc(Cl)cc3,-1.1139642948042516,-1.6137934581967417
SKIVFJLNDNKQPD-UHFFFAOYSA-N,S(=O)(=O)(NC(=O)C)c1ccc(N)cc1,-0.3759748683718094,0.6761603400236343
SKKTUOZKZKCGTB-UHFFFAOYSA-N,O=C(OCCCC)N,2.0574039304130287,0.6554470748802104
SLAMLWHELXOEJZ-UHFFFAOYSA-N,O=[N+]([O-])c1c(C(=O)O)cccc1,-1.2450918735677738,0.7501921369190236
SLGBZMMZGDRARJ-UHFFFAOYSA-N,c12c(c3c(c4c1cccc4)cccc3)cccc2,-0.9640921577264171,-0.8287785071527368
SLXKOJJOQWFEFD-UHFFFAOYSA-N,O=C(O)CCCCCN,1.4565407368887924,0.27351795309544635
SLZWBCGZQRRUNG-UHFFFAOYSA-N,O=C(Oc1cc(C(C)(C)C)cc(C(C)(C)C)c1)NC,0.24620345828389031,0.7271662081173846
SMDHCQAYESWHAE-UHFFFAOYSA-N,FC(F)(F)c1cc([N+](=O)[O-])c(N(CCCC)CC)c([N+](=O)[O-])c1,0.3870770726002418,-0.22460303357979405
SMQUZDBALVYZAC-UHFFFAOYSA-N,O=Cc1c(O)cccc1,-0.8166007127877243,-0.04474290101351075
SNHRLVCMMWUAJD-SUYDQAKGSA-N,F[C@]12[C@@H](O)C[C@]3(C)[C@@](OC(=O)CCCC)(C(=O)CO)[C@@H](C)C[C@H]3[C@@H]1CCC1=CC(=O)C=C[C@]21C,1.4844706146852296,2.089030657174515
SNHRLVCMMWUAJD-UHFFFAOYSA-N,FC12C3(C)C(=CC(=O)C=C3)CCC1C1C(C)(C(OC(=O)CCCC)(C(=O)CO)C(C)C1)CC2O,1.4844706146852296,2.089030657174515
SNICXCGAKADSCV-UHFFFAOYSA-N,CN1C(c2cnccc2)CCC1,-0.5764518814668327,-0.23519648105717098
SNIOPGDIGTZGOP-UHFFFAOYSA-N,O=[N+](OC(CO[N+](=O)[O-])CO[N+](=O)[O-])[O-],0.7717530186901099,-0.6279743133647632
SNWQKAWITMVCQW-UHFFFAOYSA-N,S(=O)(=O)(NC(=O)C)c1ccc(NC(=O)c2c(C(=O)O)cccc2)cc1,-0.9933393717611418,1.4879413229889047
SONNWYBIRXJNDC-VIFPVBQESA-N,O[C@@H](CNC)c1cc(O)ccc1,-0.42241973784225845,0.1548135765604832
SPANOECCGNXGNR-UHFFFAOYSA-N,ClC(=CCl)CSC(=O)N(C(C)C)C(C)C,1.4024379278522465,0.33988283594470786
SPFYMRJSYKOXGV-UHFFFAOYSA-N,Fc1c(N2CCN(CC)CC2)cc2n(C3CC3)cc(C(=O)O)c(=O)c2c1,0.4361626431963165,1.7864721386714386
SPSSULHKWOKEEL-UHFFFAOYSA-N,O=[N+]([O-])c1c(C)c([N+](=O)[O-])cc([N+](=O)[O-])c1,-0.5267544739280193,-0.6473779662197169
SSLKKMZJCJBOML-UHFFFAOYSA-N,Clc1nnc(SCC(=O)N(CC)CC)cc1,0.28700773670083457,0.4880055406125869
STCOOQWBFONSKY-UHFFFAOYSA-N,P(=O)(OCCCC)(OCCCC)OCCCC,1.827678916055131,-0.33671011501998527
SUSRORUBZHMPCO-UHFFFAOYSA-N,Clc1c(Oc2cc(C(=O)OC)c([N+](=O)[O-])cc2)ccc(Cl)c1,-1.1712047065257505,0.631562116562502
SVFKQHLOBRUZGV-UHFFFAOYSA-N,O=c1n(C)c2c(n(CC)c3ncccc13)nccc2,-0.4879039987064653,0.03023261269177816
SYBYTAAJFKOIEJ-UHFFFAOYSA-N,O=C(C(C)C)C,1.3009993412789986,0.03822810350854888
SZYWFOPNFNROQB-UHFFFAOYSA-N,Clc1c(Cl)cc(Cl)c2nsnc12,-0.5840985172311774,-1.6017935815630695
TUNFSRHWOTWDNC-UHFFFAOYSA-N,O=C(O)CCCCCCCCCCCCC,2.201420340768766,0.3816840383130141
TVMXDCGIABBOFY-UHFFFAOYSA-N,C(CCCC)CCC,1.9247161002731201,-1.0433714724565175
TXCDCPKCNAJMEE-UHFFFAOYSA-N,o1c2c(c3c1cccc3)cccc2,-1.0168559377774726,-0.8518904346454605
TXVHTIQJNYSSKO-UHFFFAOYSA-N,c12c3c4c5c(c1cccc2ccc3ccc4)cccc5,-1.2446891274547398,-0.9898842597579554
TYHHDWAHJRRYCU-UHFFFAOYSA-N,O=[N+]([O-])c1c(OCC(=O)O)cccc1,-0.9793761850150161,1.192029393455378
TYMLOMAKGOJONV-UHFFFAOYSA-N,O=[N+]([O-])c1ccc(N)cc1,-0.9609346749765182,-0.6494215516495193
TZFWDZFKRBELIQ-UHFFFAOYSA-N,Clc1cc2[nH]c(=O)oc2cc1,-1.0227245927840276,-0.9795404851465784
TZIHFWKZFHZASV-UHFFFAOYSA-N,O=COC,1.043653465015176,-0.6167671478861408
TZYQTWHRLVDYPL-UHFFFAOYSA-N,O=C1N=CN=CC1,-0.04763465335215985,-0.6772411334099172
UAYYWDWWESZIPA-UHFFFAOYSA-N,Fc1c(N2CC(N)(C)C2)cc2n(C3CC3)cc(C(=O)O)c(=O)c2c1,-0.006955805141189095,1.667045826475926
UBUCNCOMADRQHX-UHFFFAOYSA-N,O=NN(c1ccccc1)c1ccccc1,-0.9792268692767001,-0.15526456897859367
UCIUVGVKELKZSD-UHFFFAOYSA-N,O=C(N(CCO)CCO)COC(=O)c1ccccc1,-0.41173099778842426,1.9810369613254195
UCMIRNVEIXFBKS-UHFFFAOYSA-N,O=C(O)CCN,0.9290839286734026,0.37853635708743616
UCNVFOCBFJOQAL-UHFFFAOYSA-N,ClC(=C(c1ccc(Cl)cc1)c1ccc(Cl)cc1)Cl,-0.5539192394055884,-0.7457176254859013
UCTWMZQNUQWSLP-UHFFFAOYSA-N,OC(CNC)c1cc(O)c(O)cc1,-0.06565615898789907,0.019071244876485698
UDUNORRTIFRHKX-UHFFFAOYSA-N,ClC1=C(NC2C=C(CC(=O)OCC(=O)NC(C(=O)OC)C(C)C)C=CC=C2)C(Cl)C=CC=C1,0.6823573807119456,1.2938604853493425
UEJJHQNACJXSKW-UHFFFAOYSA-N,O=C1C(N2C(=O)c3c(C2=O)cccc3)CCC(=O)N1,-1.0430470843390236,0.13950595778258662
UFNIBRDIUNVOMX-UHFFFAOYSA-N,Clc1c(c2ccc(Cl)cc2)cccc1,-1.4170092648965182,-1.1617917803235018
UFQCLRMJHOWNLX-UHFFFAOYSA-N,Brc1cc(Nc2ncnc3c2cc2OC(COC)COc2c3)ccc1,-0.6199395026418869,0.07486454639491986
UGQVTTBSGZLNIL-UHFFFAOYSA-N,S(=O)(=O)(N)c1sc2C(O)CCSc2c1,-0.284785328213799,-0.09140906954937777
UJOBWOGCFQCDNV-UHFFFAOYSA-N,[nH]1c2c(c3c1cccc3)cccc2,-0.997267774175661,-0.831688831985612
ULBXWWGWDPVHAO-UHFFFAOYSA-N,Clc1cc(NC(=O)OC(C#C)C)ccc1,-0.8164026107329898,0.8254684696766496
ULSIYEODSMZIPX-UHFFFAOYSA-N,OC(CN)c1ccccc1,-0.636590565540189,0.1106854123023578
UMGDCJDMYOKAJW-UHFFFAOYSA-N,S=C(N)N,0.9164923663394366,-0.9806782545946892
UMIPWJGWASORKV-UHFFFAOYSA-N,C(#C)CCCCCC,1.857901723438639,-1.060426048734969
UNAHYJYOSSSJHH-UHFFFAOYSA-N,S(=O)(=O)(N)c1cc([N+](=O)[O-])c(N(CCC)CCC)c([N+](=O)[O-])c1,-0.14112117034753482,-0.2514685038979807
UNXHWFMMPAWVPI-UHFFFAOYSA-N,OC(C(O)CO)CO,1.219999801302288,-0.7720271687470556
UOAMTSKGCBMZTC-UHFFFAOYSA-N,ClC(Cl)(Cl)C(O)(c1ccc(Cl)cc1)c1ccc(Cl)cc1,-0.5445810087270703,-0.9028179376229659
UPMXNNIRAGDFEH-UHFFFAOYSA-N,Brc1c(O)c(Br)cc(C#N)c1,-0.08457738742859527,-0.8512744637169067
UPTOWXNJLZJTGD-UHFFFAOYSA-N,O=[N+]([O-])c1c(OC)ccc(OC)c1,-0.8922774051845817,-0.16866526748336594
UQDUPQYQJKYHQI-UHFFFAOYSA-N,O=C(OC)CCCCCCCCCCC,2.2788531379813977,0.5913714738774624
UQIKOYWGLUXMNE-UHFFFAOYSA-N,O=C(COC(=O)c1ccccc1)N1C(C(=O)OC)CCC1,-0.3714167044451272,2.7610665225893265
URAYPUMNDPQOKB-UHFFFAOYSA-N,O=C(OC(COC(=O)C)COC(=O)C)C,1.5849892549036297,0.5999445087132976
UREBDLICKHMUKA-DVTGEIKXSA-N,F[C@]12[C@@H](O)C[C@]3(C)[C@@](O)(C(=O)CO)[C@@H](C)C[C@H]3[C@@H]1CCC1=CC(=O)C=C[C@]21C,1.0139144339629667,1.6551530029469423
UVKZSORBKUEBAZ-UHFFFAOYSA-N,C(N1CCN(C)CC1)(c1ccccc1)c1ccccc1,-0.8322897471255727,-0.08143515291643512
UVTNFZQICZKOEM-UHFFFAOYSA-N,O=C(N)C(CCN(C(C)C)C(C)C)(c1ncccc1)c1ccccc1,-0.45738509165380475,1.2643641149678977
UYXAWHWODHRRMR-UHFFFAOYSA-N,O=C1N(C)C(=O)NC(=O)C1(C)C1=CCCCC1,0.1422539916509023,-0.1675599515369029
VAOCPAMSLUNLGC-UHFFFAOYSA-N,O=[N+]([O-])c1n(CCO)c(C)nc1,0.02066947634142217,0.010478066377332396
VDAMAZDKFJYVCT-UHFFFAOYSA-N,S(=O)(=O)(N)c1scc(S(=O)(=O)c2ccc(OC)cc2)c1,-0.87206654492303,-0.04968709000383975
VDTNNGKXZGSZIP-UHFFFAOYSA-N,S(=O)(=O)(NC(=O)NCCCC)c1ccc(N)cc1,0.3896971873057736,0.9609184146177191
VGGSQFUCUMXWEO-UHFFFAOYSA-N,C=C,0.8058424021726569,-1.4247626119613117
VGPYEHKOIGNJKV-UHFFFAOYSA-N,S(=O)(=O)(NC(=O)OC)c1ccc(N)cc1,-0.3628995927836446,0.9066975797188993
VGQLNJWOULYVFV-UHFFFAOYSA-N,O=C(OC)C1C(C(=O)OC)C2C=CC1C2,0.8607991968377812,0.7207243644909597
VGVIKVCCUATMNG-UHFFFAOYSA-N,Clc1c(Cl)cc(c(Cl)c1)c1ccccc1,-1.5396595601830498,-0.9627705422098984
VGZSUPCWNCWDAN-UHFFFAOYSA-N,S(=O)(=O)(NC(=O)NC1CCCCC1)c1ccc(C(=O)C)cc1,-0.19137540853367568,1.1286753411434831
VHZXNQKVFDBFIK-NBBHSKLNSA-N,F[C@H]1C(=O)[C@]2(C)[C@H]([C@H]3[C@@H]([C@]4(C)C(=CC3)CCCC4)CC2)C1,0.3907513587044832,0.2141770304449884
VIKNJXKGJWUCNN-XGXHKTLJSA-N,O=C1C=C2[C@@H]([C@@H]3[C@H]([C@H]4[C@@](C)([C@](O)(C#C)CC4)CC3)CC2)CC1,0.5165744514492948,0.6861128012546616
VKNITLPENCJQOP-UHFFFAOYSA-N,Clc1c(Cl)c(Cl)cc(OC)c1OC,-0.31651386234514933,-1.0707514867828147
VLKZOEOYAKHREP-UHFFFAOYSA-N,C(CCC)CC,1.8479206146034983,-1.0294676939330034
VLYWMPOKSSWJAL-UHFFFAOYSA-N,S(=O)(=O)(Nc1nnc(OC)cc1)c1ccc(N)cc1,-0.8021588987657363,0.010110213856918893
VMKOFRJSULQZRM-UHFFFAOYSA-N,BrCCCCCCCC,1.9446714743457727,-0.9376275106938277
VOEYXMAFNDNNED-UHFFFAOYSA-N,O=C(Oc1cc(C)ccc1)NC,-0.5865304409948842,0.997911798642807
VOKSWYLNZZRQPF-GDIGMMSISA-N,Oc1cc2[C@@]3(C)[C@@H](C)[C@H](N(CC=C(C)C)CC3)Cc2cc1,0.02030011618615703,0.37382178880702693
VOXZDWNPVJITMN-UHFFFAOYSA-N,Oc1cc2c(cc1)C1C(C3C(C)(C(O)CC3)CC1)CC2,-0.1837689971509224,0.18694111748052358
VPGRYOFKCNULNK-UHFFFAOYSA-N,O=C(OCC(=O)C1C2(C)C(C3C(C4(C)C(=CC(=O)CC4)CC3)CC2)CC1)C,1.0437870894460877,1.9023542734677734
VREFGVBLTWBCJP-UHFFFAOYSA-N,Clc1cc2C(=NCc3n(c(C)nn3)c2cc1)c1ccccc1,-1.691521014007592,-0.4560456894721221
VSNHCAURESNICA-UHFFFAOYSA-N,O=C(NO)N,0.9517436898501835,-0.034720218641828345
VUNCWTMEJYMOOR-UHFFFAOYSA-N,ClC1(Cl)C(=C(Cl)C(=C1Cl)Cl)Cl,0.25029675877909136,-1.4904857182291134
VVNCNSJFMMFHPL-UHFFFAOYSA-N,SC(C(N)C(=O)O)(C)C,1.190832886878069,0.2757701591331247
VVQNEPGJFQJSBK-UHFFFAOYSA-N,O=C(OC)C(=C)C,1.257742529433343,0.3820304229529224
VVSSGCCPNDSLPL-UHFFFAOYSA-N,S(=O)(=O)(N)c1sc2S(=O)(=O)CCCc2c1,-0.5274353628149688,-0.7254788879731155
VWPOSFSPZNDTMJ-UCWKZMIHSA-N,O(CC(O)CNC(C)(C)C)c1c2c(ccc1)C[C@@H](O)[C@@H](O)C2,-0.12321446629575396,0.7415069367557939
VXGYRCVTBHVXMZ-UHFFFAOYSA-N,O=C(O)c1cc2c(nccc2)cc1,-1.0275648318744817,0.5314611331352121
VXIVSQZSERGHQP-UHFFFAOYSA-N,ClCC(=O)N,1.1141884103258148,-0.08213501829849847
VXLVYFXPZGPXCT-UHFFFAOYSA-N,S(=O)(=O)(N)c1occ(S(=O)(=O)c2ccc(OC)cc2)c1,-0.8488920610119625,-0.11402246059588735
VYWYYJYRVSBHJQ-UHFFFAOYSA-N,O=[N+]([O-])c1cc([N+](=O)[O-])cc(C(=O)O)c1,-0.49402523040457796,0.35020698296926833
WBJINCZRORDGAQ-UHFFFAOYSA-N,O=COCC,1.4865314448371918,-0.38993228369676947
WCLNVRQZUKYVAI-UHFFFAOYSA-N,Clc1c(Cl)c(Cl)c2Oc3c(c(Cl)c(Cl)c(Cl)c3)Oc2c1Cl,-0.5581169714182581,-1.7162412148259703
WCYYQNSQJHPVMG-UHFFFAOYSA-N,Clc1c(Cl)c(Cl)c2Oc3c(Oc2c1Cl)cc(Cl)c(Cl)c3,-0.5644234755337291,-1.6884442295678357
WDCYWAQPCXBPJA-UHFFFAOYSA-N,O=[N+]([O-])c1cc([N+](=O)[O-])ccc1,-1.3928209943706393,-0.5997089006857281
WDECIBYCCFPHNR-UHFFFAOYSA-N,c12c(c3c(cc1)cccc3)ccc1c2cccc1,-1.1850189978953105,-1.003629141720196
WDQPAMHFFCXSNU-BGABXYSRSA-N,Clc1ccc(Nc2/c(=N/C(C)C)/cc3n(c4ccc(Cl)cc4)c4c(nc3c2)cccc4)cc1,-1.4679051826808578,-0.5662039273250915
WEEGYLXZBRQIMU-UHFFFAOYSA-N,CC1(C)OC2(C)CCC1CC2,1.0118642401881395,-0.8526257026230966
WEHWNAOGRSTTBQ-UHFFFAOYSA-N,N(CCC)CCC,1.5331987549330275,-0.8435549105601065
WEVYAHXRMPXWCK-UHFFFAOYSA-N,N#CC,0.9606308820800953,-1.2741225240483136
WFJNHVWTKZUUTR-UHFFFAOYSA-N,OC(c1c2c(ncc1)cccc2)C1N2CC(CC)C(C1)CC2,-0.285218196881958,0.6645840781804739
WFRBDWRZVBPBDO-UHFFFAOYSA-N,OC(CCC)(C)C,1.7116044529207224,-0.6495275859835525
WHTBVLXUSXVMEV-UHFFFAOYSA-N,S(=O)(=O)(Nc1c(C)cc(S(=O)(=O)c2ccccc2)cc1)C(F)(F)F,-1.4019448266656214,0.25127802263053656
WIDHRBRBACOVOY-UHFFFAOYSA-N,Clc1c(Cl)c(c2cc(Cl)c(Cl)cc2)ccc1Cl,-1.0268586972775884,-1.5016443655962977
WIIZWVCIJKGZOK-RKDXNWHRSA-N,ClC(Cl)C(=O)N[C@@H]([C@H](O)c1ccc([N+](=O)[O-])cc1)CO,-0.43246628905751366,0.5210538187102666
WIKYUJGCLQQFNW-UHFFFAOYSA-N,Clc1cc2N(CCCN3CCN(C)CC3)c3c(Sc2cc1)cccc3,-1.1712057684883064,-0.4559522563307894
WJNRPILHGGKWCK-UHFFFAOYSA-N,Clc1nc(NC(C)C)nc(NC(C)C)n1,0.4310921098350495,-1.2189145131841364
WJRBRSLFGCUECM-UHFFFAOYSA-N,O=C1NC(=O)CN1,0.36685616113337066,-0.7708895589077546
WJTCGQSWYFHTAC-UHFFFAOYSA-N,C1CCCCCCC1,0.8139277145368979,-1.3305068944665925
WJUSVIUZCYELMK-UHFFFAOYSA-N,O=C(COC(=O)c1ccccc1)N1C(C)CCCC1C,-0.2915450341780409,2.4063446210504362
WKEDVNSFRWHDNR-UHFFFAOYSA-N,O=C(Nc1ccccc1)c1c(O)cccc1,-0.939766066004393,1.0427430548250347
WKLCYOHFTPREOW-UHFFFAOYSA-N,S(=O)(=O)(N)c1sc2SCCC(=O)c2c1,-0.5552003338243984,-0.6845093292126203
WLJVNTCWHIRURA-UHFFFAOYSA-N,O=C(O)CCCCCC(=O)O,1.4906966201628793,0.1990649512576103
WLJVXDMOQOGPHL-UHFFFAOYSA-N,O=C(O)Cc1ccccc1,-0.5074627360938372,0.8672005062614853
WMWJCKBJUQDYLM-UHFFFAOYSA-N,Clc1cc2Oc3c(Oc2cc1)ccc(Cl)c3,-0.9709035045954518,-1.4040688859155577
WPTCSQBWLUUYDV-UHFFFAOYSA-N,c1(c2nc3c(cc2)cccc3)nc2c(cc1)cccc2,-1.1110907418484894,-0.9233602751781512
WQOXQRCZOLPYPM-UHFFFAOYSA-N,S(SC)C,1.0223571925626296,-1.2451202016000598
WQZGKKKJIJFFOK-UHFFFAOYSA-N,OCC1C(O)C(O)C(O)C(O)O1,1.1912403235445594,-0.6939650353294714
WREGKURFCTUGRC-UHFFFAOYSA-N,O=c1n(C2OC(CO)CC2)ccc(N)n1,-0.2798577484992306,0.4792041812237085
WRKNTBMMMVTKKA-UHFFFAOYSA-N,O=C(N(CCO)C)COC(=O)c1ccccc1,-0.2157778295690663,2.154036550768878
WRMNZCZEMHIOCP-UHFFFAOYSA-N,OCCc1ccccc1,-0.5572716739267141,0.09397425895017905
WRNGAZFESPEMCN-UHFFFAOYSA-N,Clc1c(Cl)c(Cl)c2Oc3c(Oc2c1Cl)cc(Cl)cc3,-1.015168619722437,-1.5146000633985102
WTDRDQBEARUVNC-LURJTMIESA-N,O=C(O)[C@@H](N)Cc1cc(O)c(O)cc1,-0.21241836605515277,0.8300127547108177
WURBVZBTWMNKQT-UHFFFAOYSA-N,Clc1ccc(OC(C(=O)C(C)(C)C)n2ncnc2)cc1,-0.3576809312640714,0.5304700385539224
WVDDGKGOMKODPV-UHFFFAOYSA-N,OCc1ccccc1,-0.5822544790139719,0.07723425722330304
WWGUMAYGTYQSGA-UHFFFAOYSA-N,Cc1c(C)cc2c(c1)cccc2,-1.0992195618454628,-0.7146098931033625
WWJZWCUNLNYYAU-UHFFFAOYSA-N,S=P(OC)(OC)Oc1ccc(Sc2ccc(OP(=S)(OC)OC)cc2)cc1,-0.13944731548249573,-0.5351019103792579
WXMYDHQMJVPNTD-UHFFFAOYSA-N,Fc1c(N2CC(N)(C)C2)c(F)c2n(C3CC3)cc(C(=O)O)c(=O)c2c1N,0.16438157502484887,1.6388798715832587
WXTMDXOMEHJXQO-UHFFFAOYSA-N,O=C(O)c1c(O)ccc(O)c1,-0.5390822658889995,0.5283793455611335
WXZMFSXDPGVJKK-UHFFFAOYSA-N,OCC(CO)(CO)CO,1.2017982298984258,-0.8027442330047061
WXZVAROIGSFCFJ-UHFFFAOYSA-N,O=C(N(CC)CC)C(Oc1c2c(ccc1)cccc2)C,-0.23491416002042387,1.0661336934165238
WYEHFWKAOXOVJD-UHFFFAOYSA-N,FC(F)(F)c1cc(Oc2c(C(=O)Nc3c(F)cc(F)cc3)cccn2)ccc1,-1.0500255666517044,1.1701389341265378
WYKYKTKDBLFHCY-UHFFFAOYSA-N,Clc1c(=O)n(c2ccccc2)ncc1N,-1.4126160978190354,-0.1991635341193746
WYMSBXTXOHUIGT-UHFFFAOYSA-N,P(=O)(OCC)(OCC)Oc1ccc([N+](=O)[O-])cc1,-0.20626475890575965,0.20002029019161338
WZJZMXBKUWKXTQ-UHFFFAOYSA-N,O=C(OCC)Nc1cc(OC(=O)Nc2ccccc2)ccc1,-0.49145487630322016,1.9217746024061124
WZWYJBNHTWCXIM-JLHYYAGUSA-N,O=S1(=O)N(C)/C(=C(/O)\Nc2ncccc2)/C(=O)c2sccc12,-1.083976528066607,0.8099009290665861
XADCESSVHJOZHK-UHFFFAOYSA-N,O=C(OCC)C1(c2ccccc2)CCN(C)CC1,-0.18827504061572692,1.746197763864976
XBCXJKGHPABGSD-UHFFFAOYSA-N,O=c1n(C)ccc(=O)[nH]1,-0.3135608203957066,-0.29985575571009687
XDLPWPNVUPKKSN-UHFFFAOYSA-N,Fc1c(N2CC(NC)C2)cc2n(C3CC3)cc(C(=O)O)c(=O)c2c1,0.032722689227381946,1.7044884318722546
XEFQLINVKFYRCS-UHFFFAOYSA-N,Clc1c(Oc2c(O)cc(Cl)cc2)ccc(Cl)c1,-0.9401383971464429,-0.7602685266623815
XEKOWRVHYACXOJ-UHFFFAOYSA-N,O=C(OCC)C,1.6871109198504115,0.6202670082430801
XEROSHXMTSNDBW-UHFFFAOYSA-N,S(=O)(=O)(N)c1sc2C(O)CCS(=O)c2c1,-0.2733757174837174,-0.055189477749879055
XFOHWECQTFIEIX-UHFFFAOYSA-N,O=[N+]([O-])c1cc2c(c3c(cccc3)C2)cc1,-1.7138060215494622,-0.4098662004678152
XGEGHDBEHXKFPX-UHFFFAOYSA-N,O=C(NC)N,1.1545670021774685,0.1728980519262536
XIGAUIHYSDTJHW-UHFFFAOYSA-N,O=C(N(C)c1ccccc1)COc1sc2c(n1)cccc2,-0.4901942096989671,1.3826335085473702
XITQUSLLOSKDTB-UHFFFAOYSA-N,Clc1c(Oc2ccc([N+](=O)[O-])cc2)ccc(Cl)c1,-1.555718637730707,-0.6654599797734747
XIURVHNZVLADCM-IUODEOHRSA-N,O=C(N[C@@H]1C(=O)N2C(=C(COC(=O)C)CS[C@H]12)C(=O)O)Cc1sccc1,-0.2463720715327626,1.9348117410218901
XJCVRTZCHMZPBD-UHFFFAOYSA-N,O=[N+]([O-])c1cc(N)ccc1,-1.494496348775908,-0.5716346290368587
XJGVXQDUIWGIRW-UHFFFAOYSA-N,Clc1cc2C(=Nc3c(Oc2cc1)cccc3)N1CCN(C)CC1,-1.6228618012195257,-0.6939735572737747
XJKSTNDFUHDPQJ-UHFFFAOYSA-N,c1(c2ccccc2)ccc(c2ccccc2)cc1,-0.9868279030443831,-0.6073046001883741
XKEFYDZQGKAQCN-UHFFFAOYSA-N,Clc1cc(Cl)cc(Cl)c1,-0.4165220547345912,-1.435545790384127
XKFPYPQQHFEXRZ-UHFFFAOYSA-N,O=C(NNCc1ccccc1)c1noc(C)c1,-0.7360421362336046,1.1557332510574814
XKJMBINCVNINCA-UHFFFAOYSA-N,Clc1c(Cl)ccc(NC(=O)N(OC)C)c1,-0.5384088480371532,0.7807381197583391
XLOMZPUITCYLMJ-UHFFFAOYSA-N,S=C1NC(=O)C(C(CCC)C)(CC=C)C(=O)N1,1.3697275361594847,-0.260740880043655
XMTQQYYKAHVGBJ-UHFFFAOYSA-N,Clc1c(Cl)ccc(NC(=O)N(C)C)c1,-0.5610851076189002,0.4411835521451793
XNLICIUVMPYHGG-UHFFFAOYSA-N,O=C(CCC)C,1.7615601430811214,0.18698287932799174
XQUXKZZNEFRCAW-UHFFFAOYSA-N,O=C(OC(C#N)c1cc(Oc2ccccc2)ccc1)C1C(C)(C)C1(C)C,-0.8623675417275818,1.5436055873474035
XQXPVVBIMDBYFF-UHFFFAOYSA-N,O=C(O)Cc1ccc(O)cc1,-0.013459203264113826,0.6459375033015669
XQZYPMVTSDWCCE-UHFFFAOYSA-N,N#Cc1c(C#N)cccc1,-0.874292343696999,-0.8228513158538595
XRECTZIEBJDKEO-UHFFFAOYSA-N,Fc1c(N)[nH]c(=O)nc1,-0.16553495884299332,-0.6086708765367373
XRHGWAGWAHHFLF-UHFFFAOYSA-N,Clc1n(C(C)C)nc(OP(=S)(OCC)OCC)n1,0.8591940192301992,-0.7047979513976611
XRTJYEIMLZALBD-UHFFFAOYSA-N,Nc1ccc(c2sc3c(n2)ccc(C)c3)cc1,-0.8425733081414388,-0.9444704453694023
XSKQKDTZQNFCCB-UHFFFAOYSA-N,O=[N+]([O-])c1c(CO)cc2OCOc2c1,-0.33122469860441206,-0.25254416396293966
XSQUKJJJFZCRTK-UHFFFAOYSA-N,O=C(N)N,0.975528144183445,-0.19793251915973104
XTRDKALNCIHHNI-UHFFFAOYSA-N,O=[N+]([O-])c1c(C)c([N+](=O)[O-])ccc1,-1.0301258197409695,-0.3984943670711434
XUCIJNAGGSZNQT-UHFFFAOYSA-N,O(C(C#N)c1ccccc1)C1C(O)C(O)C(O)C(COC2C(O)C(O)C(O)C(CO)O2)O1,-0.4608728905418146,0.5110925434949954
XUFQPHANEAPEMJ-UHFFFAOYSA-N,S(=O)(=O)(N=C(N)CCSCc1nc(N=C(N)N)sc1)N,0.11488430938729165,-0.1628433569971319
XUYPXLNMDZIRQH-UHFFFAOYSA-N,S(CCC(NC(=O)C)C(=O)O)C,1.4957470799401948,0.6980788715828581
XWKFPIODWVPXLX-UHFFFAOYSA-N,Cc1ncc(C)cc1,-0.3105081279959313,-0.8470527698855116
XYGUXAGVJDBSBP-UHFFFAOYSA-N,O=C(NCC(=O)N)COC(=O)c1ccccc1,-0.5290364639237293,2.102805590024771
XZTUSOXSLKTKJQ-UHFFFAOYSA-N,O=C1OCC(=C1)C1C2(C)C(O)(C3C(C4(C)C(CC(O)CC4)CC3)CC2)CC1,0.5144364830697759,0.6239251109681737
YAPQBXQYLJRXSA-UHFFFAOYSA-N,O=c1n(C)c2ncn(C)c2c(=O)[nH]1,0.052246454819264786,-0.4502574541156073
YASYVMFAVPKPKE-UHFFFAOYSA-N,S(P(=O)(OC)NC(=O)C)C,1.2625948933627664,0.44443452115978627
YBPAYPRLUDCSEY-UHFFFAOYSA-N,O=C(N)Cc1ccc(O)cc1,0.008627584932595708,0.4710442802454939
YCLSOMLVSHPPFV-UHFFFAOYSA-N,S(SCCC(=O)O)CCC(=O)O,1.2854038531190461,0.2251489060128495
YCMLQMDWSXFTIF-UHFFFAOYSA-N,S(=O)(=O)(N)c1c(C)cccc1,-0.9795801899892933,-0.17956102000041793
YCSBALJAGZKWFF-UHFFFAOYSA-N,Nc1cc2c(cc3c(c2)cccc3)cc1,-1.4142338013648434,-0.9157648479620565
YEAICDDXRUOCKJ-UHFFFAOYSA-N,S(=O)(=O)(Nc1nccnc1)c1ccc(N)cc1,-0.9910435428773112,-0.4102448327770941
YFBPRJGDJKVWAH-UHFFFAOYSA-N,S(C)c1c(C)cc(OC(=O)NC)cc1C,0.2032473202507562,0.6774781663777932
YFGYUFNIOHWBOB-UHFFFAOYSA-N,O=C(Oc1c(C)c(C)nc(N(C)C)n1)N(C)C,0.7638125469544474,0.3283190588304857
YGLMVCVJLXREAK-UHFFFAOYSA-N,O=C(N(C)C)NC1C2C3C(C(C1)C2)CCC3,1.2764836439240088,0.6180513478172
YGYNBBAUIYTWBF-UHFFFAOYSA-N,Cc1cc2c(cc(C)cc2)cc1,-0.553247183775256,-0.9129515361920296
YIKYNHJUKRTCJL-UHFFFAOYSA-N,O=c1c(O)c(CC)occ1,0.3119957336748502,0.13697552219032877
YJDYCULVYZDESB-UHFFFAOYSA-N,O=C1C2(C)C(C3C(C4(C)C(CC3)CCCC4)CC2)CC1,0.7526671653641058,-0.11198086431394742
YKGCCFHSXQHWIG-UHFFFAOYSA-N,O=c1cc2sc3c(nc2cc1)cccc3,-1.3386844917842355,-0.5084554323039853
YKJYKKNCCRKFSL-UHFFFAOYSA-N,O=C(OC1C(Cc2ccc(OC)cc2)NCC1O)C,0.2834428479455394,1.2477929339848746
YKYONYBAUNKHLG-UHFFFAOYSA-N,O=C(OCCC)C,1.8576415151570234,0.5595443106973942
YLQBMQCUIZJEEH-UHFFFAOYSA-N,o1cccc1,0.09407376788081229,-1.1708903539865765
YMWUJEATGCHHMB-UHFFFAOYSA-N,ClCCl,0.927399733145225,-1.3346108798125718
YNARWAUTTJJADX-UHFFFAOYSA-N,S=c1n(C)c2c(n(CC)c3ncccc13)nccc2,-0.3926293600016149,-0.45821415932348547
YNAVUWVOSKDBBP-UHFFFAOYSA-N,O1CCNCC1,0.7696077782430052,-1.4007984414252221
YNBADRVTZLEFNH-UHFFFAOYSA-N,O=C(OC)c1cnccc1,-0.39723081253519954,1.058535709839752
YNDXUCZADRHECN-JNQJZLCISA-N,F[C@]12[C@@H](O)C[C@]3(C)[C@]4(C(=O)CO)OC(C)(C)O[C@@H]4C[C@H]3[C@@H]1CCC1=CC(=O)C=C[C@]21C,0.8832192959044045,1.540086525270439
YNPNZTXNASCQKK-UHFFFAOYSA-N,c12c3c(ccc1cccc2)cccc3,-1.1580033173565536,-0.9872354184935441
YNVOMSDITJMNET-UHFFFAOYSA-N,O=C(O)c1cscc1,-0.28961063686678196,0.5249459767417349
YOJAHJGBFDPSDI-UHFFFAOYSA-N,O=[N+]([O-])c1ccc(C(=O)OC)cc1,-0.44881826542760483,1.0176722975752566
YOYAIZYFCNQIRF-UHFFFAOYSA-N,Clc1c(C#N)c(Cl)ccc1,-0.9916118745673874,-1.1978379692937864
YREQHYQNNWYQCJ-UHFFFAOYSA-N,O(CC(C)(C)c1ccc(OCC)cc1)Cc1cc(Oc2ccccc2)ccc1,-0.6977284384599935,0.46220008625855374
YRHRIQCWCFGUEQ-UHFFFAOYSA-N,O=c1c2c(sc3c1cccc3)cccc2,-1.0622989310077482,-0.39447275505745216
YRHYCMZPEVDGFQ-UHFFFAOYSA-N,O=C(OC)CCCCCCCCC,2.2788531379813977,0.5913714738774624
YTBRNEUEFCNVHC-UHFFFAOYSA-N,Clc1ccc(c2ccc(Cl)cc2)cc1,-0.7102220908907719,-1.3220328700743462
YUWFEBAXEOLKSG-UHFFFAOYSA-N,Cc1c(C)c(C)c(C)c(C)c1C,0.5853849783869547,-1.1342239438142034
YVWZWRFAFZRJGU-UHFFFAOYSA-N,O=C(COC(=O)c1ccccc1)N1CCC(O)CC1,-0.457607660241581,2.332985867887294
YWBVHLJPRPCRSD-UHFFFAOYSA-N,FC(F)(F)c1cc(c2c(=O)c(c3ccccc3)cn(C)c2)ccc1,-1.2559514101967506,0.30535431782165734
YZMCKZRAOLZXAZ-UHFFFAOYSA-N,S(=O)(=O)(Nc1nc(C)nc(C)c1)c1ccc(N)cc1,-1.0173332263485382,-0.31044619716025545
YZVWKHVRBDQPMQ-UHFFFAOYSA-N,Nc1c2c3c4c(cc2)cccc4ccc3cc1,-1.0694721193663559,-1.0068164875172148
ZAFYATHCZYHLPB-UHFFFAOYSA-N,O=C(N(C)C)Cc1c(c2ccc(C)cc2)nc2n1cc(C)cc2,0.028859343733768375,0.7065804715369698
ZCINFQNVNLHJOV-UHFFFAOYSA-N,O=[N+]([O-])C1=C(OCC)C(=O)N(C(C)C)C1,0.42606360125242754,0.2158417018480692
ZDPHROOEEOARMN-UHFFFAOYSA-N,O=C(O)CCCCCCCCCC,2.201420340768766,0.3816840383130141
ZDXPYRJPNDTMRX-VKHMYHEASA-N,O=C(O)[C@@H](N)CCC(=O)N,1.2963673191652838,0.40493703171812484
ZEKZLJVOYLTDKK-UHFFFAOYSA-N,Fc1c(N2CC(C)NCC2)c(F)cc2c(=O)c(C(=O)O)cn(CC)c12,0.49164953373926296,1.6123872887658954
ZGEGCLOFRBLKSE-UHFFFAOYSA-N,C(=C)CCCCC,1.9344988730238026,-1.0191347791507053
ZGRYQDHDZGJMNF-UHFFFAOYSA-N,S(=O)(=O)(N)c1sc2c(S(=O)(=O)CC(O)C2)c1,-0.33050030818882953,-0.23856216285779572
ZIEWAMOXCOLNSJ-UHFFFAOYSA-N,ClC(Cl)C(=O)NC1=C(Cl)C(=O)c2c(C1=O)cccc2,-1.0553897448410596,0.5183850611574145
ZISSAWUMDACLOM-UHFFFAOYSA-N,C(C(C)C)(C)(C)C,1.1222665925385424,-1.1415755005897774
ZJJXGWJIGJFDTL-UHFFFAOYSA-N,S(=O)(=O)(NC(=O)NC1CCCCC1)c1ccc(CCNC(=O)c2ncc(C)nc2)cc1,-0.12970308478300613,1.4294350469755828
ZJYJZEAJZXVAMF-UHFFFAOYSA-N,O=[N+]([O-])c1cc2c(cc1)cccc2,-1.7928471671072408,-0.5692311458937279
ZLAQATDNGLKIEV-UHFFFAOYSA-N,Sc1nc(O)c(C)cn1,0.11936042723262165,-0.6407821724145182
ZMANZCXQSJIPKH-UHFFFAOYSA-N,N(CC)(CC)CC,1.438711064803586,-0.9487482307136383
ZMISODWVFHHWNR-UHFFFAOYSA-N,OC(c1ccccc1)(c1ccccc1)C1CCNCC1,-0.7865671635112189,0.0855931633327731
ZNNLBTZKUZBEKO-UHFFFAOYSA-N,Clc1cc(C(=O)NCCc2ccc(S(=O)(=O)NC(=O)NC3CCCCC3)cc2)c(OC)cc1,-0.6751647992791759,1.42418635591704
ZNOLGFHPUIJIMJ-UHFFFAOYSA-N,S=P(OC)(OC)Oc1cc(C)c([N+](=O)[O-])cc1,-0.8894877348150292,-0.20325615003655376
ZNSSPLQZSUWFJT-UHFFFAOYSA-N,O=C(OCCCCC)c1ccc(O)cc1,0.9087835687091663,1.3187074732261408
ZQUPQXINXTWCQR-UHFFFAOYSA-N,Clc1c(Cl)c(Cl)cc(Cl)c1c1cc(Cl)c(Cl)cc1,-0.9995094716694205,-1.4660918360214066
ZRKWMRDKSOPRRS-UHFFFAOYSA-N,O=NN(C(=O)N)C,1.1895769548514683,0.07751377627452806
ZRSNZINYAWTAHE-UHFFFAOYSA-N,O=Cc1ccc(OC)cc1,-0.14686328675755717,-0.11175073178392762
ZRVUJXDFFKFLMG-UHFFFAOYSA-N,O=C(Nc1sc(C)cn1)C1=C(c2c(S(=O)(=O)N1C)cccc2)O,-0.9950158582157961,0.9177331062384049
ZSDSQXJSNMTJDA-UHFFFAOYSA-N,FC(F)(F)c1cc([N+](=O)[O-])c(N(CCC)CCC)c([N+](=O)[O-])c1,0.14393918183227505,-0.2593752092717192
ZTMKADLOSYKWCA-UHFFFAOYSA-N,O=c1n(c(=O)c2c([nH]1)CCC2)C1CCCCC1,0.4082965088108619,-0.44212642474317765
ZTQSAGDEMFDKMZ-UHFFFAOYSA-N,O=CCCC,1.5816520181256655,-0.6651764030185848
ZWEHNKRNPOVVGH-UHFFFAOYSA-N,O=C(CC)C,1.6341004482969756,0.16882660080754697
ZWUAUTPCFIIFAS-UHFFFAOYSA-N,O=C(N(C(C)C)C(C)C)COC(=O)c1ccccc1,-0.22905119702656818,2.3009448986668706
ZXAGXLDEMUNQSH-UHFFFAOYSA-N,C(C)c1cc2c(cc3c(c2)cccc3)cc1,-0.7147617508939548,-0.40364401777495257
ZXEKIIBDNHEJCQ-UHFFFAOYSA-N,OCC(C)C,1.4799005455525671,-0.5620522126613753
ZXFXBSWRVIQKOD-UHFFFAOYSA-N,ClC1(Cl)C2(Cl)C(=C(Cl)C1(Cl)C1C2C(Cl)C2OC12)Cl,0.2190644197077245,-1.3461867514821895
ZXQYGBMAQZUVMI-UHFFFAOYSA-N,ClC(=CC1C(C)(C)C1C(=O)OC(C#N)c1cc(Oc2ccccc2)ccc1)C(F)(F)F,-0.9632403597207709,1.6930231833558202
ZXVONLUNISGICL-UHFFFAOYSA-N,O=[N+]([O-])c1c(O)c(C)cc([N+](=O)[O-])c1,-0.4550464029080597,-0.2753673628419354
ZYJPUMXJBDHSIF-NSHDSACASA-N,O=C(OC(C)(C)C)N[C@H](C(=O)O)Cc1ccccc1,-0.2350451027410868,1.5675994758102296
ZZLCFHIKESPLTH-UHFFFAOYSA-N,Cc1ccc(c2ccccc2)cc1,-0.8685471406203443,-0.41739495760629586
ZZORFUFYDOWNEF-UHFFFAOYSA-N,S(=O)(=O)(Nc1nc(OC)nc(OC)c1)c1ccc(N)cc1,-0.96961955881602,0.014596326163268883
ZZUFCTLCJUWOSV-UHFFFAOYSA-N,Clc1c(S(=O)(=O)N)cc(C(=O)O)c(NCc2occc2)c1,-1.0773824423607448,0.8095354263115497
